[{"model": "contenttypes.contenttype", "pk": 1, "fields": {"app_label": "admin", "model": "logentry"}}, {"model": "contenttypes.contenttype", "pk": 2, "fields": {"app_label": "auth", "model": "permission"}}, {"model": "contenttypes.contenttype", "pk": 3, "fields": {"app_label": "auth", "model": "group"}}, {"model": "contenttypes.contenttype", "pk": 4, "fields": {"app_label": "auth", "model": "user"}}, {"model": "contenttypes.contenttype", "pk": 5, "fields": {"app_label": "contenttypes", "model": "contenttype"}}, {"model": "contenttypes.contenttype", "pk": 6, "fields": {"app_label": "sessions", "model": "session"}}, {"model": "contenttypes.contenttype", "pk": 7, "fields": {"app_label": "blog", "model": "blog"}}, {"model": "contenttypes.contenttype", "pk": 8, "fields": {"app_label": "blog", "model": "blogtype"}}, {"model": "contenttypes.contenttype", "pk": 9, "fields": {"app_label": "blog", "model": "readnum"}}, {"model": "contenttypes.contenttype", "pk": 10, "fields": {"app_label": "read_statistics", "model": "readnum"}}, {"model": "contenttypes.contenttype", "pk": 11, "fields": {"app_label": "read_statistics", "model": "readdetail"}}, {"model": "contenttypes.contenttype", "pk": 12, "fields": {"app_label": "comment", "model": "comment"}}, {"model": "contenttypes.contenttype", "pk": 13, "fields": {"app_label": "likes", "model": "likecount"}}, {"model": "contenttypes.contenttype", "pk": 14, "fields": {"app_label": "likes", "model": "likerecord"}}, {"model": "contenttypes.contenttype", "pk": 15, "fields": {"app_label": "user", "model": "profile"}}, {"model": "sessions.session", "pk": "0gh71afk1pze7yzwyforc1mnber8snop", "fields": {"session_data": "Y2Q4ZDBkNDc4YzUwYjIzNzk0ZjU3MzU4NWM2ZjZhNGU3Y2Q1NDNlYjp7Il9hdXRoX3VzZXJfaWQiOiIxIiwiX2F1dGhfdXNlcl9iYWNrZW5kIjoiZGphbmdvLmNvbnRyaWIuYXV0aC5iYWNrZW5kcy5Nb2RlbEJhY2tlbmQiLCJfYXV0aF91c2VyX2hhc2giOiJkNDhkYjhmZWVjY2U4NGU1ODAyZDFiZWZmMTMzYjA2MWE0ODQ2ZjA0In0=", "expire_date": "2018-08-04T13:47:55.612Z"}}, {"model": "sessions.session", "pk": "18o23su8xdbyed0cfhjk5y13jnoljl5h", "fields": {"session_data": "NmI1MjBkY2FiNjRhMTlkMmVkOGMwODUwNTA4OWNkMjJiMmVhZTZkNjp7Il9hdXRoX3VzZXJfaWQiOiIyIiwiX2F1dGhfdXNlcl9iYWNrZW5kIjoiZGphbmdvLmNvbnRyaWIuYXV0aC5iYWNrZW5kcy5Nb2RlbEJhY2tlbmQiLCJfYXV0aF91c2VyX2hhc2giOiIxMzE3ZjMyZjA4NGNkZjRhNGYwNzNmMTNjODQ0YjRkMWM1ZmVkZWI4In0=", "expire_date": "2018-08-06T08:46:58.326Z"}}, {"model": "sessions.session", "pk": "27ct7q6r1ionqoe9wqocmjeezk6tc8fr", "fields": {"session_data": "NmI1MjBkY2FiNjRhMTlkMmVkOGMwODUwNTA4OWNkMjJiMmVhZTZkNjp7Il9hdXRoX3VzZXJfaWQiOiIyIiwiX2F1dGhfdXNlcl9iYWNrZW5kIjoiZGphbmdvLmNvbnRyaWIuYXV0aC5iYWNrZW5kcy5Nb2RlbEJhY2tlbmQiLCJfYXV0aF91c2VyX2hhc2giOiIxMzE3ZjMyZjA4NGNkZjRhNGYwNzNmMTNjODQ0YjRkMWM1ZmVkZWI4In0=", "expire_date": "2018-08-08T07:48:54.697Z"}}, {"model": "sessions.session", "pk": "3m7phc6qs4mwx2mjzwjcjx0jlylugyt0", "fields": {"session_data": "Y2Q4ZDBkNDc4YzUwYjIzNzk0ZjU3MzU4NWM2ZjZhNGU3Y2Q1NDNlYjp7Il9hdXRoX3VzZXJfaWQiOiIxIiwiX2F1dGhfdXNlcl9iYWNrZW5kIjoiZGphbmdvLmNvbnRyaWIuYXV0aC5iYWNrZW5kcy5Nb2RlbEJhY2tlbmQiLCJfYXV0aF91c2VyX2hhc2giOiJkNDhkYjhmZWVjY2U4NGU1ODAyZDFiZWZmMTMzYjA2MWE0ODQ2ZjA0In0=", "expire_date": "2018-08-07T08:20:27.829Z"}}, {"model": "sessions.session", "pk": "3vd6heaav0fylm67sg3pswykw07zhls1", "fields": {"session_data": "Y2Q4ZDBkNDc4YzUwYjIzNzk0ZjU3MzU4NWM2ZjZhNGU3Y2Q1NDNlYjp7Il9hdXRoX3VzZXJfaWQiOiIxIiwiX2F1dGhfdXNlcl9iYWNrZW5kIjoiZGphbmdvLmNvbnRyaWIuYXV0aC5iYWNrZW5kcy5Nb2RlbEJhY2tlbmQiLCJfYXV0aF91c2VyX2hhc2giOiJkNDhkYjhmZWVjY2U4NGU1ODAyZDFiZWZmMTMzYjA2MWE0ODQ2ZjA0In0=", "expire_date": "2018-08-12T12:27:43.973Z"}}, {"model": "sessions.session", "pk": "5kh9mpi39l32gwhkmicxu8al9zobj79r", "fields": {"session_data": "NmI1MjBkY2FiNjRhMTlkMmVkOGMwODUwNTA4OWNkMjJiMmVhZTZkNjp7Il9hdXRoX3VzZXJfaWQiOiIyIiwiX2F1dGhfdXNlcl9iYWNrZW5kIjoiZGphbmdvLmNvbnRyaWIuYXV0aC5iYWNrZW5kcy5Nb2RlbEJhY2tlbmQiLCJfYXV0aF91c2VyX2hhc2giOiIxMzE3ZjMyZjA4NGNkZjRhNGYwNzNmMTNjODQ0YjRkMWM1ZmVkZWI4In0=", "expire_date": "2018-08-07T12:55:02.090Z"}}, {"model": "sessions.session", "pk": "5uixjaxdcnn2m2evag61a9e2z5nw1edq", "fields": {"session_data": "Y2Q4ZDBkNDc4YzUwYjIzNzk0ZjU3MzU4NWM2ZjZhNGU3Y2Q1NDNlYjp7Il9hdXRoX3VzZXJfaWQiOiIxIiwiX2F1dGhfdXNlcl9iYWNrZW5kIjoiZGphbmdvLmNvbnRyaWIuYXV0aC5iYWNrZW5kcy5Nb2RlbEJhY2tlbmQiLCJfYXV0aF91c2VyX2hhc2giOiJkNDhkYjhmZWVjY2U4NGU1ODAyZDFiZWZmMTMzYjA2MWE0ODQ2ZjA0In0=", "expire_date": "2018-08-04T11:22:11.534Z"}}, {"model": "sessions.session", "pk": "5x589lyxfbofq7tikjppzjhqchxuxs5a", "fields": {"session_data": "Y2Q4ZDBkNDc4YzUwYjIzNzk0ZjU3MzU4NWM2ZjZhNGU3Y2Q1NDNlYjp7Il9hdXRoX3VzZXJfaWQiOiIxIiwiX2F1dGhfdXNlcl9iYWNrZW5kIjoiZGphbmdvLmNvbnRyaWIuYXV0aC5iYWNrZW5kcy5Nb2RlbEJhY2tlbmQiLCJfYXV0aF91c2VyX2hhc2giOiJkNDhkYjhmZWVjY2U4NGU1ODAyZDFiZWZmMTMzYjA2MWE0ODQ2ZjA0In0=", "expire_date": "2018-08-09T00:56:31.220Z"}}, {"model": "sessions.session", "pk": "62a82qed5cwt0r38l2ijx519oo1mu33g", "fields": {"session_data": "Y2Q4ZDBkNDc4YzUwYjIzNzk0ZjU3MzU4NWM2ZjZhNGU3Y2Q1NDNlYjp7Il9hdXRoX3VzZXJfaWQiOiIxIiwiX2F1dGhfdXNlcl9iYWNrZW5kIjoiZGphbmdvLmNvbnRyaWIuYXV0aC5iYWNrZW5kcy5Nb2RlbEJhY2tlbmQiLCJfYXV0aF91c2VyX2hhc2giOiJkNDhkYjhmZWVjY2U4NGU1ODAyZDFiZWZmMTMzYjA2MWE0ODQ2ZjA0In0=", "expire_date": "2018-08-04T04:24:38.917Z"}}, {"model": "sessions.session", "pk": "9p8j1eq331bbk5tl333m6wkza4utja6x", "fields": {"session_data": "Y2Q4ZDBkNDc4YzUwYjIzNzk0ZjU3MzU4NWM2ZjZhNGU3Y2Q1NDNlYjp7Il9hdXRoX3VzZXJfaWQiOiIxIiwiX2F1dGhfdXNlcl9iYWNrZW5kIjoiZGphbmdvLmNvbnRyaWIuYXV0aC5iYWNrZW5kcy5Nb2RlbEJhY2tlbmQiLCJfYXV0aF91c2VyX2hhc2giOiJkNDhkYjhmZWVjY2U4NGU1ODAyZDFiZWZmMTMzYjA2MWE0ODQ2ZjA0In0=", "expire_date": "2018-08-04T08:36:29.668Z"}}, {"model": "sessions.session", "pk": "b4j33jkmdyr6u60vp6ghmrskviejk1jv", "fields": {"session_data": "Y2Q4ZDBkNDc4YzUwYjIzNzk0ZjU3MzU4NWM2ZjZhNGU3Y2Q1NDNlYjp7Il9hdXRoX3VzZXJfaWQiOiIxIiwiX2F1dGhfdXNlcl9iYWNrZW5kIjoiZGphbmdvLmNvbnRyaWIuYXV0aC5iYWNrZW5kcy5Nb2RlbEJhY2tlbmQiLCJfYXV0aF91c2VyX2hhc2giOiJkNDhkYjhmZWVjY2U4NGU1ODAyZDFiZWZmMTMzYjA2MWE0ODQ2ZjA0In0=", "expire_date": "2018-08-08T07:56:39.605Z"}}, {"model": "sessions.session", "pk": "bhx21wl9wwib6s1eoh8249l1ovloyfvu", "fields": {"session_data": "Y2Q4ZDBkNDc4YzUwYjIzNzk0ZjU3MzU4NWM2ZjZhNGU3Y2Q1NDNlYjp7Il9hdXRoX3VzZXJfaWQiOiIxIiwiX2F1dGhfdXNlcl9iYWNrZW5kIjoiZGphbmdvLmNvbnRyaWIuYXV0aC5iYWNrZW5kcy5Nb2RlbEJhY2tlbmQiLCJfYXV0aF91c2VyX2hhc2giOiJkNDhkYjhmZWVjY2U4NGU1ODAyZDFiZWZmMTMzYjA2MWE0ODQ2ZjA0In0=", "expire_date": "2018-08-04T09:31:02.401Z"}}, {"model": "sessions.session", "pk": "bngfj0sso8bdu52cysfjqjjecdu4jh89", "fields": {"session_data": "Y2Q4ZDBkNDc4YzUwYjIzNzk0ZjU3MzU4NWM2ZjZhNGU3Y2Q1NDNlYjp7Il9hdXRoX3VzZXJfaWQiOiIxIiwiX2F1dGhfdXNlcl9iYWNrZW5kIjoiZGphbmdvLmNvbnRyaWIuYXV0aC5iYWNrZW5kcy5Nb2RlbEJhY2tlbmQiLCJfYXV0aF91c2VyX2hhc2giOiJkNDhkYjhmZWVjY2U4NGU1ODAyZDFiZWZmMTMzYjA2MWE0ODQ2ZjA0In0=", "expire_date": "2018-08-03T01:20:33.513Z"}}, {"model": "sessions.session", "pk": "cdur6ul4cqwcx6uamfzrlmgusp59iw2o", "fields": {"session_data": "MmY3ZWQ5MjAzNWIwZjc2OGRkMjQ5Yjk2NzQ2Yjg0MDg2YjMzNTU1MDp7Il9hdXRoX3VzZXJfaWQiOiIzIiwiX2F1dGhfdXNlcl9iYWNrZW5kIjoiZGphbmdvLmNvbnRyaWIuYXV0aC5iYWNrZW5kcy5Nb2RlbEJhY2tlbmQiLCJfYXV0aF91c2VyX2hhc2giOiJkNmRhOWRhY2ZhM2Q2MGRhMGRjMjVjOWRmNDIwN2JkZmFhYmVkMDgxIn0=", "expire_date": "2018-08-09T00:19:40.205Z"}}, {"model": "sessions.session", "pk": "f5zi5cj4bmknussxn5m2tnwjswgl4qr7", "fields": {"session_data": "MzYwNTQ0M2I5MDk2NWJiYzFiMDUxODIyNjRiZTgyNmQ2Nzg0OTQyYTp7fQ==", "expire_date": "2018-08-05T06:33:58.711Z"}}, {"model": "sessions.session", "pk": "j1rf9btd0ftzvqu338ve9i91sqtom6qm", "fields": {"session_data": "Y2Q4ZDBkNDc4YzUwYjIzNzk0ZjU3MzU4NWM2ZjZhNGU3Y2Q1NDNlYjp7Il9hdXRoX3VzZXJfaWQiOiIxIiwiX2F1dGhfdXNlcl9iYWNrZW5kIjoiZGphbmdvLmNvbnRyaWIuYXV0aC5iYWNrZW5kcy5Nb2RlbEJhY2tlbmQiLCJfYXV0aF91c2VyX2hhc2giOiJkNDhkYjhmZWVjY2U4NGU1ODAyZDFiZWZmMTMzYjA2MWE0ODQ2ZjA0In0=", "expire_date": "2018-08-11T13:33:44.593Z"}}, {"model": "sessions.session", "pk": "pul0o3l6e9asiea05yiuj8qomtmx1sin", "fields": {"session_data": "Y2Q4ZDBkNDc4YzUwYjIzNzk0ZjU3MzU4NWM2ZjZhNGU3Y2Q1NDNlYjp7Il9hdXRoX3VzZXJfaWQiOiIxIiwiX2F1dGhfdXNlcl9iYWNrZW5kIjoiZGphbmdvLmNvbnRyaWIuYXV0aC5iYWNrZW5kcy5Nb2RlbEJhY2tlbmQiLCJfYXV0aF91c2VyX2hhc2giOiJkNDhkYjhmZWVjY2U4NGU1ODAyZDFiZWZmMTMzYjA2MWE0ODQ2ZjA0In0=", "expire_date": "2018-08-08T01:07:56.712Z"}}, {"model": "sessions.session", "pk": "r5p2hzp9s8a32cbmamiwmovajskca2ss", "fields": {"session_data": "Y2Q4ZDBkNDc4YzUwYjIzNzk0ZjU3MzU4NWM2ZjZhNGU3Y2Q1NDNlYjp7Il9hdXRoX3VzZXJfaWQiOiIxIiwiX2F1dGhfdXNlcl9iYWNrZW5kIjoiZGphbmdvLmNvbnRyaWIuYXV0aC5iYWNrZW5kcy5Nb2RlbEJhY2tlbmQiLCJfYXV0aF91c2VyX2hhc2giOiJkNDhkYjhmZWVjY2U4NGU1ODAyZDFiZWZmMTMzYjA2MWE0ODQ2ZjA0In0=", "expire_date": "2018-08-02T13:50:10.297Z"}}, {"model": "sessions.session", "pk": "riple0tmfivh9alt95xukmocik76ry0m", "fields": {"session_data": "MmY3ZWQ5MjAzNWIwZjc2OGRkMjQ5Yjk2NzQ2Yjg0MDg2YjMzNTU1MDp7Il9hdXRoX3VzZXJfaWQiOiIzIiwiX2F1dGhfdXNlcl9iYWNrZW5kIjoiZGphbmdvLmNvbnRyaWIuYXV0aC5iYWNrZW5kcy5Nb2RlbEJhY2tlbmQiLCJfYXV0aF91c2VyX2hhc2giOiJkNmRhOWRhY2ZhM2Q2MGRhMGRjMjVjOWRmNDIwN2JkZmFhYmVkMDgxIn0=", "expire_date": "2018-08-09T00:21:35.807Z"}}, {"model": "sessions.session", "pk": "ukpdkw12kivaz8ok97d9ojmp0akb1zj5", "fields": {"session_data": "Y2Q4ZDBkNDc4YzUwYjIzNzk0ZjU3MzU4NWM2ZjZhNGU3Y2Q1NDNlYjp7Il9hdXRoX3VzZXJfaWQiOiIxIiwiX2F1dGhfdXNlcl9iYWNrZW5kIjoiZGphbmdvLmNvbnRyaWIuYXV0aC5iYWNrZW5kcy5Nb2RlbEJhY2tlbmQiLCJfYXV0aF91c2VyX2hhc2giOiJkNDhkYjhmZWVjY2U4NGU1ODAyZDFiZWZmMTMzYjA2MWE0ODQ2ZjA0In0=", "expire_date": "2018-08-08T07:59:14.637Z"}}, {"model": "sessions.session", "pk": "wtntl43yb2ryoaoc7fj6c0eoe5dkbq6z", "fields": {"session_data": "Y2Q4ZDBkNDc4YzUwYjIzNzk0ZjU3MzU4NWM2ZjZhNGU3Y2Q1NDNlYjp7Il9hdXRoX3VzZXJfaWQiOiIxIiwiX2F1dGhfdXNlcl9iYWNrZW5kIjoiZGphbmdvLmNvbnRyaWIuYXV0aC5iYWNrZW5kcy5Nb2RlbEJhY2tlbmQiLCJfYXV0aF91c2VyX2hhc2giOiJkNDhkYjhmZWVjY2U4NGU1ODAyZDFiZWZmMTMzYjA2MWE0ODQ2ZjA0In0=", "expire_date": "2018-08-07T11:50:00.467Z"}}, {"model": "sessions.session", "pk": "xfpyfbvny4v7eyooxfc7df25gz1rdjgs", "fields": {"session_data": "Y2Q4ZDBkNDc4YzUwYjIzNzk0ZjU3MzU4NWM2ZjZhNGU3Y2Q1NDNlYjp7Il9hdXRoX3VzZXJfaWQiOiIxIiwiX2F1dGhfdXNlcl9iYWNrZW5kIjoiZGphbmdvLmNvbnRyaWIuYXV0aC5iYWNrZW5kcy5Nb2RlbEJhY2tlbmQiLCJfYXV0aF91c2VyX2hhc2giOiJkNDhkYjhmZWVjY2U4NGU1ODAyZDFiZWZmMTMzYjA2MWE0ODQ2ZjA0In0=", "expire_date": "2018-08-06T00:14:47.124Z"}}, {"model": "sessions.session", "pk": "yfpcdcy4skpzl87x0cp70qioh31aw7hr", "fields": {"session_data": "Y2Q4ZDBkNDc4YzUwYjIzNzk0ZjU3MzU4NWM2ZjZhNGU3Y2Q1NDNlYjp7Il9hdXRoX3VzZXJfaWQiOiIxIiwiX2F1dGhfdXNlcl9iYWNrZW5kIjoiZGphbmdvLmNvbnRyaWIuYXV0aC5iYWNrZW5kcy5Nb2RlbEJhY2tlbmQiLCJfYXV0aF91c2VyX2hhc2giOiJkNDhkYjhmZWVjY2U4NGU1ODAyZDFiZWZmMTMzYjA2MWE0ODQ2ZjA0In0=", "expire_date": "2018-08-02T13:52:40.712Z"}}, {"model": "sessions.session", "pk": "yys16cqwrk9aj40geefwxg1849t6jq49", "fields": {"session_data": "Y2Q4ZDBkNDc4YzUwYjIzNzk0ZjU3MzU4NWM2ZjZhNGU3Y2Q1NDNlYjp7Il9hdXRoX3VzZXJfaWQiOiIxIiwiX2F1dGhfdXNlcl9iYWNrZW5kIjoiZGphbmdvLmNvbnRyaWIuYXV0aC5iYWNrZW5kcy5Nb2RlbEJhY2tlbmQiLCJfYXV0aF91c2VyX2hhc2giOiJkNDhkYjhmZWVjY2U4NGU1ODAyZDFiZWZmMTMzYjA2MWE0ODQ2ZjA0In0=", "expire_date": "2018-08-02T14:37:01.466Z"}}, {"model": "blog.blogtype", "pk": 1, "fields": {"type_name": "Django"}}, {"model": "blog.blogtype", "pk": 2, "fields": {"type_name": "\u968f\u7b14"}}, {"model": "blog.blogtype", "pk": 3, "fields": {"type_name": "\u611f\u609f"}}, {"model": "read_statistics.readnum", "pk": 1, "fields": {"read_num": 25, "content_type": 7, "object_id": 38}}, {"model": "read_statistics.readnum", "pk": 2, "fields": {"read_num": 5, "content_type": 7, "object_id": 34}}, {"model": "read_statistics.readnum", "pk": 3, "fields": {"read_num": 3, "content_type": 7, "object_id": 35}}, {"model": "read_statistics.readnum", "pk": 4, "fields": {"read_num": 10, "content_type": 7, "object_id": 37}}, {"model": "read_statistics.readnum", "pk": 6, "fields": {"read_num": 8, "content_type": 7, "object_id": 36}}, {"model": "read_statistics.readnum", "pk": 7, "fields": {"read_num": 21, "content_type": 7, "object_id": 3}}, {"model": "read_statistics.readnum", "pk": 8, "fields": {"read_num": 1, "content_type": 7, "object_id": 33}}, {"model": "read_statistics.readnum", "pk": 9, "fields": {"read_num": 1, "content_type": 7, "object_id": 32}}, {"model": "read_statistics.readnum", "pk": 10, "fields": {"read_num": 1, "content_type": 7, "object_id": 23}}, {"model": "read_statistics.readnum", "pk": 11, "fields": {"read_num": 1, "content_type": 7, "object_id": 21}}, {"model": "read_statistics.readnum", "pk": 12, "fields": {"read_num": 1, "content_type": 7, "object_id": 18}}, {"model": "read_statistics.readnum", "pk": 13, "fields": {"read_num": 1, "content_type": 7, "object_id": 15}}, {"model": "read_statistics.readnum", "pk": 14, "fields": {"read_num": 1, "content_type": 7, "object_id": 14}}, {"model": "read_statistics.readnum", "pk": 15, "fields": {"read_num": 1, "content_type": 7, "object_id": 11}}, {"model": "read_statistics.readnum", "pk": 16, "fields": {"read_num": 1, "content_type": 7, "object_id": 9}}, {"model": "read_statistics.readnum", "pk": 17, "fields": {"read_num": 1, "content_type": 7, "object_id": 22}}, {"model": "read_statistics.readdetail", "pk": 1, "fields": {"date": "2018-07-20", "read_num": 4, "content_type": 7, "object_id": 38}}, {"model": "read_statistics.readdetail", "pk": 2, "fields": {"date": "2018-07-21", "read_num": 1, "content_type": 7, "object_id": 37}}, {"model": "read_statistics.readdetail", "pk": 3, "fields": {"date": "2018-07-21", "read_num": 1, "content_type": 7, "object_id": 34}}, {"model": "read_statistics.readdetail", "pk": 5, "fields": {"date": "2018-07-22", "read_num": 3, "content_type": 7, "object_id": 38}}, {"model": "read_statistics.readdetail", "pk": 6, "fields": {"date": "2018-07-22", "read_num": 2, "content_type": 7, "object_id": 36}}, {"model": "read_statistics.readdetail", "pk": 7, "fields": {"date": "2018-07-22", "read_num": 4, "content_type": 7, "object_id": 3}}, {"model": "read_statistics.readdetail", "pk": 8, "fields": {"date": "2018-07-22", "read_num": 1, "content_type": 7, "object_id": 35}}, {"model": "read_statistics.readdetail", "pk": 9, "fields": {"date": "2018-07-22", "read_num": 1, "content_type": 7, "object_id": 33}}, {"model": "read_statistics.readdetail", "pk": 10, "fields": {"date": "2018-07-22", "read_num": 1, "content_type": 7, "object_id": 32}}, {"model": "read_statistics.readdetail", "pk": 11, "fields": {"date": "2018-07-22", "read_num": 1, "content_type": 7, "object_id": 23}}, {"model": "read_statistics.readdetail", "pk": 12, "fields": {"date": "2018-07-22", "read_num": 1, "content_type": 7, "object_id": 21}}, {"model": "read_statistics.readdetail", "pk": 13, "fields": {"date": "2018-07-22", "read_num": 1, "content_type": 7, "object_id": 18}}, {"model": "read_statistics.readdetail", "pk": 14, "fields": {"date": "2018-07-22", "read_num": 1, "content_type": 7, "object_id": 15}}, {"model": "read_statistics.readdetail", "pk": 15, "fields": {"date": "2018-07-22", "read_num": 1, "content_type": 7, "object_id": 14}}, {"model": "read_statistics.readdetail", "pk": 16, "fields": {"date": "2018-07-22", "read_num": 1, "content_type": 7, "object_id": 11}}, {"model": "read_statistics.readdetail", "pk": 17, "fields": {"date": "2018-07-22", "read_num": 1, "content_type": 7, "object_id": 9}}, {"model": "read_statistics.readdetail", "pk": 18, "fields": {"date": "2018-07-22", "read_num": 1, "content_type": 7, "object_id": 34}}, {"model": "read_statistics.readdetail", "pk": 19, "fields": {"date": "2018-07-22", "read_num": 1, "content_type": 7, "object_id": 37}}, {"model": "read_statistics.readdetail", "pk": 20, "fields": {"date": "2018-07-22", "read_num": 1, "content_type": 7, "object_id": 22}}, {"model": "read_statistics.readdetail", "pk": 21, "fields": {"date": "2018-07-23", "read_num": 7, "content_type": 7, "object_id": 3}}, {"model": "read_statistics.readdetail", "pk": 22, "fields": {"date": "2018-07-23", "read_num": 5, "content_type": 7, "object_id": 38}}, {"model": "read_statistics.readdetail", "pk": 23, "fields": {"date": "2018-07-23", "read_num": 5, "content_type": 7, "object_id": 36}}, {"model": "read_statistics.readdetail", "pk": 24, "fields": {"date": "2018-07-23", "read_num": 3, "content_type": 7, "object_id": 37}}, {"model": "read_statistics.readdetail", "pk": 25, "fields": {"date": "2018-07-24", "read_num": 4, "content_type": 7, "object_id": 38}}, {"model": "read_statistics.readdetail", "pk": 26, "fields": {"date": "2018-07-24", "read_num": 1, "content_type": 7, "object_id": 37}}, {"model": "read_statistics.readdetail", "pk": 27, "fields": {"date": "2018-07-24", "read_num": 1, "content_type": 7, "object_id": 36}}, {"model": "read_statistics.readdetail", "pk": 28, "fields": {"date": "2018-07-24", "read_num": 1, "content_type": 7, "object_id": 35}}, {"model": "read_statistics.readdetail", "pk": 29, "fields": {"date": "2018-07-24", "read_num": 3, "content_type": 7, "object_id": 3}}, {"model": "read_statistics.readdetail", "pk": 30, "fields": {"date": "2018-07-25", "read_num": 4, "content_type": 7, "object_id": 3}}, {"model": "read_statistics.readdetail", "pk": 31, "fields": {"date": "2018-07-25", "read_num": 2, "content_type": 7, "object_id": 37}}, {"model": "read_statistics.readdetail", "pk": 32, "fields": {"date": "2018-07-25", "read_num": 1, "content_type": 7, "object_id": 38}}, {"model": "read_statistics.readdetail", "pk": 33, "fields": {"date": "2018-07-26", "read_num": 2, "content_type": 7, "object_id": 37}}, {"model": "read_statistics.readdetail", "pk": 34, "fields": {"date": "2018-07-26", "read_num": 2, "content_type": 7, "object_id": 3}}, {"model": "read_statistics.readdetail", "pk": 35, "fields": {"date": "2018-07-28", "read_num": 1, "content_type": 7, "object_id": 3}}, {"model": "likes.likecount", "pk": 1, "fields": {"content_type": 7, "object_id": 38, "liked_num": 1}}, {"model": "likes.likecount", "pk": 2, "fields": {"content_type": 7, "object_id": 37, "liked_num": 0}}, {"model": "likes.likecount", "pk": 3, "fields": {"content_type": 7, "object_id": 36, "liked_num": 1}}, {"model": "likes.likecount", "pk": 4, "fields": {"content_type": 7, "object_id": 35, "liked_num": 0}}, {"model": "likes.likecount", "pk": 5, "fields": {"content_type": 7, "object_id": 34, "liked_num": 0}}, {"model": "likes.likecount", "pk": 6, "fields": {"content_type": 7, "object_id": 33, "liked_num": 0}}, {"model": "likes.likecount", "pk": 7, "fields": {"content_type": 7, "object_id": 32, "liked_num": 0}}, {"model": "likes.likecount", "pk": 8, "fields": {"content_type": 12, "object_id": 42, "liked_num": 0}}, {"model": "likes.likecount", "pk": 9, "fields": {"content_type": 12, "object_id": 34, "liked_num": 0}}, {"model": "likes.likecount", "pk": 10, "fields": {"content_type": 12, "object_id": 33, "liked_num": 0}}, {"model": "likes.likecount", "pk": 11, "fields": {"content_type": 12, "object_id": 32, "liked_num": 0}}, {"model": "likes.likecount", "pk": 12, "fields": {"content_type": 12, "object_id": 41, "liked_num": 0}}, {"model": "likes.likecount", "pk": 13, "fields": {"content_type": 12, "object_id": 31, "liked_num": 0}}, {"model": "likes.likecount", "pk": 14, "fields": {"content_type": 12, "object_id": 30, "liked_num": 0}}, {"model": "likes.likecount", "pk": 15, "fields": {"content_type": 12, "object_id": 29, "liked_num": 0}}, {"model": "likes.likecount", "pk": 16, "fields": {"content_type": 12, "object_id": 28, "liked_num": 0}}, {"model": "likes.likecount", "pk": 17, "fields": {"content_type": 12, "object_id": 27, "liked_num": 0}}, {"model": "likes.likecount", "pk": 18, "fields": {"content_type": 12, "object_id": 26, "liked_num": 0}}, {"model": "likes.likecount", "pk": 19, "fields": {"content_type": 12, "object_id": 25, "liked_num": 0}}, {"model": "likes.likecount", "pk": 20, "fields": {"content_type": 12, "object_id": 24, "liked_num": 1}}, {"model": "likes.likecount", "pk": 21, "fields": {"content_type": 12, "object_id": 23, "liked_num": 0}}, {"model": "likes.likecount", "pk": 22, "fields": {"content_type": 12, "object_id": 22, "liked_num": 0}}, {"model": "likes.likecount", "pk": 23, "fields": {"content_type": 12, "object_id": 21, "liked_num": 0}}, {"model": "likes.likecount", "pk": 24, "fields": {"content_type": 12, "object_id": 20, "liked_num": 0}}, {"model": "likes.likecount", "pk": 25, "fields": {"content_type": 12, "object_id": 19, "liked_num": 0}}, {"model": "likes.likecount", "pk": 26, "fields": {"content_type": 12, "object_id": 18, "liked_num": 0}}, {"model": "likes.likecount", "pk": 27, "fields": {"content_type": 12, "object_id": 17, "liked_num": 0}}, {"model": "likes.likecount", "pk": 28, "fields": {"content_type": 12, "object_id": 16, "liked_num": 0}}, {"model": "likes.likecount", "pk": 29, "fields": {"content_type": 12, "object_id": 15, "liked_num": 0}}, {"model": "likes.likecount", "pk": 30, "fields": {"content_type": 12, "object_id": 14, "liked_num": 0}}, {"model": "likes.likecount", "pk": 31, "fields": {"content_type": 12, "object_id": 13, "liked_num": 0}}, {"model": "likes.likecount", "pk": 32, "fields": {"content_type": 12, "object_id": 12, "liked_num": 0}}, {"model": "likes.likecount", "pk": 33, "fields": {"content_type": 12, "object_id": 11, "liked_num": 0}}, {"model": "likes.likecount", "pk": 34, "fields": {"content_type": 12, "object_id": 10, "liked_num": 0}}, {"model": "likes.likecount", "pk": 35, "fields": {"content_type": 7, "object_id": 3, "liked_num": 1}}, {"model": "likes.likecount", "pk": 36, "fields": {"content_type": 12, "object_id": 7, "liked_num": 3}}, {"model": "likes.likecount", "pk": 37, "fields": {"content_type": 12, "object_id": 43, "liked_num": 2}}, {"model": "likes.likecount", "pk": 38, "fields": {"content_type": 12, "object_id": 3, "liked_num": 1}}, {"model": "likes.likecount", "pk": 39, "fields": {"content_type": 12, "object_id": 1, "liked_num": 1}}, {"model": "likes.likecount", "pk": 40, "fields": {"content_type": 12, "object_id": 51, "liked_num": 1}}, {"model": "likes.likecount", "pk": 41, "fields": {"content_type": 12, "object_id": 50, "liked_num": 0}}, {"model": "likes.likecount", "pk": 42, "fields": {"content_type": 12, "object_id": 37, "liked_num": 0}}, {"model": "likes.likecount", "pk": 43, "fields": {"content_type": 12, "object_id": 46, "liked_num": 0}}, {"model": "likes.likecount", "pk": 44, "fields": {"content_type": 12, "object_id": 45, "liked_num": 0}}, {"model": "likes.likecount", "pk": 45, "fields": {"content_type": 12, "object_id": 44, "liked_num": 0}}, {"model": "likes.likecount", "pk": 46, "fields": {"content_type": 12, "object_id": 36, "liked_num": 0}}, {"model": "likes.likecount", "pk": 47, "fields": {"content_type": 12, "object_id": 9, "liked_num": 0}}, {"model": "likes.likecount", "pk": 48, "fields": {"content_type": 12, "object_id": 8, "liked_num": 0}}, {"model": "likes.likecount", "pk": 49, "fields": {"content_type": 12, "object_id": 6, "liked_num": 0}}, {"model": "likes.likecount", "pk": 50, "fields": {"content_type": 12, "object_id": 5, "liked_num": 0}}, {"model": "likes.likecount", "pk": 51, "fields": {"content_type": 12, "object_id": 4, "liked_num": 0}}, {"model": "likes.likecount", "pk": 52, "fields": {"content_type": 12, "object_id": 62, "liked_num": 1}}, {"model": "likes.likecount", "pk": 53, "fields": {"content_type": 12, "object_id": 63, "liked_num": 1}}, {"model": "likes.likecount", "pk": 54, "fields": {"content_type": 12, "object_id": 59, "liked_num": 0}}, {"model": "likes.likecount", "pk": 55, "fields": {"content_type": 12, "object_id": 60, "liked_num": 0}}, {"model": "likes.likecount", "pk": 56, "fields": {"content_type": 12, "object_id": 57, "liked_num": 0}}, {"model": "likes.likecount", "pk": 57, "fields": {"content_type": 12, "object_id": 58, "liked_num": 0}}, {"model": "likes.likecount", "pk": 58, "fields": {"content_type": 12, "object_id": 55, "liked_num": 0}}, {"model": "likes.likecount", "pk": 59, "fields": {"content_type": 12, "object_id": 56, "liked_num": 0}}, {"model": "likes.likecount", "pk": 60, "fields": {"content_type": 12, "object_id": 53, "liked_num": 0}}, {"model": "likes.likecount", "pk": 61, "fields": {"content_type": 12, "object_id": 54, "liked_num": 0}}, {"model": "likes.likecount", "pk": 62, "fields": {"content_type": 12, "object_id": 52, "liked_num": 0}}, {"model": "likes.likecount", "pk": 63, "fields": {"content_type": 12, "object_id": 64, "liked_num": 0}}, {"model": "likes.likecount", "pk": 64, "fields": {"content_type": 12, "object_id": 70, "liked_num": 0}}, {"model": "likes.likecount", "pk": 65, "fields": {"content_type": 12, "object_id": 69, "liked_num": 0}}, {"model": "likes.likecount", "pk": 66, "fields": {"content_type": 12, "object_id": 68, "liked_num": 0}}, {"model": "likes.likecount", "pk": 67, "fields": {"content_type": 12, "object_id": 67, "liked_num": 0}}, {"model": "likes.likecount", "pk": 68, "fields": {"content_type": 12, "object_id": 66, "liked_num": 0}}, {"model": "likes.likecount", "pk": 69, "fields": {"content_type": 12, "object_id": 65, "liked_num": 0}}, {"model": "likes.likecount", "pk": 70, "fields": {"content_type": 12, "object_id": 71, "liked_num": 0}}, {"model": "likes.likecount", "pk": 71, "fields": {"content_type": 12, "object_id": 74, "liked_num": 0}}, {"model": "likes.likecount", "pk": 72, "fields": {"content_type": 12, "object_id": 73, "liked_num": 0}}, {"model": "likes.likecount", "pk": 73, "fields": {"content_type": 12, "object_id": 72, "liked_num": 0}}, {"model": "likes.likecount", "pk": 74, "fields": {"content_type": 12, "object_id": 75, "liked_num": 0}}, {"model": "likes.likecount", "pk": 75, "fields": {"content_type": 12, "object_id": 77, "liked_num": 0}}, {"model": "likes.likecount", "pk": 76, "fields": {"content_type": 12, "object_id": 76, "liked_num": 0}}, {"model": "likes.likecount", "pk": 77, "fields": {"content_type": 12, "object_id": 78, "liked_num": 0}}, {"model": "likes.likecount", "pk": 78, "fields": {"content_type": 12, "object_id": 82, "liked_num": 0}}, {"model": "likes.likecount", "pk": 79, "fields": {"content_type": 12, "object_id": 81, "liked_num": 0}}, {"model": "likes.likecount", "pk": 80, "fields": {"content_type": 12, "object_id": 80, "liked_num": 0}}, {"model": "likes.likecount", "pk": 81, "fields": {"content_type": 12, "object_id": 79, "liked_num": 0}}, {"model": "likes.likecount", "pk": 82, "fields": {"content_type": 7, "object_id": 7, "liked_num": 0}}, {"model": "likes.likecount", "pk": 83, "fields": {"content_type": 7, "object_id": 6, "liked_num": 0}}, {"model": "likes.likecount", "pk": 84, "fields": {"content_type": 7, "object_id": 4, "liked_num": 0}}, {"model": "likes.likecount", "pk": 85, "fields": {"content_type": 7, "object_id": 31, "liked_num": 0}}, {"model": "likes.likecount", "pk": 86, "fields": {"content_type": 7, "object_id": 30, "liked_num": 0}}, {"model": "likes.likecount", "pk": 87, "fields": {"content_type": 7, "object_id": 29, "liked_num": 0}}, {"model": "likes.likecount", "pk": 88, "fields": {"content_type": 7, "object_id": 28, "liked_num": 0}}, {"model": "likes.likecount", "pk": 89, "fields": {"content_type": 7, "object_id": 27, "liked_num": 0}}, {"model": "likes.likecount", "pk": 90, "fields": {"content_type": 7, "object_id": 26, "liked_num": 0}}, {"model": "likes.likecount", "pk": 91, "fields": {"content_type": 7, "object_id": 25, "liked_num": 0}}, {"model": "likes.likecount", "pk": 92, "fields": {"content_type": 7, "object_id": 24, "liked_num": 0}}, {"model": "likes.likecount", "pk": 93, "fields": {"content_type": 7, "object_id": 23, "liked_num": 0}}, {"model": "likes.likecount", "pk": 94, "fields": {"content_type": 7, "object_id": 22, "liked_num": 0}}, {"model": "likes.likecount", "pk": 95, "fields": {"content_type": 7, "object_id": 21, "liked_num": 0}}, {"model": "likes.likecount", "pk": 96, "fields": {"content_type": 7, "object_id": 20, "liked_num": 0}}, {"model": "likes.likecount", "pk": 97, "fields": {"content_type": 7, "object_id": 19, "liked_num": 0}}, {"model": "likes.likecount", "pk": 98, "fields": {"content_type": 7, "object_id": 18, "liked_num": 0}}, {"model": "likes.likecount", "pk": 99, "fields": {"content_type": 7, "object_id": 17, "liked_num": 0}}, {"model": "likes.likecount", "pk": 100, "fields": {"content_type": 7, "object_id": 16, "liked_num": 0}}, {"model": "likes.likecount", "pk": 101, "fields": {"content_type": 7, "object_id": 15, "liked_num": 0}}, {"model": "likes.likecount", "pk": 102, "fields": {"content_type": 7, "object_id": 14, "liked_num": 0}}, {"model": "likes.likecount", "pk": 103, "fields": {"content_type": 7, "object_id": 13, "liked_num": 0}}, {"model": "likes.likecount", "pk": 104, "fields": {"content_type": 7, "object_id": 12, "liked_num": 0}}, {"model": "likes.likecount", "pk": 105, "fields": {"content_type": 7, "object_id": 11, "liked_num": 0}}, {"model": "auth.permission", "pk": 1, "fields": {"name": "Can add log entry", "content_type": 1, "codename": "add_logentry"}}, {"model": "auth.permission", "pk": 2, "fields": {"name": "Can change log entry", "content_type": 1, "codename": "change_logentry"}}, {"model": "auth.permission", "pk": 3, "fields": {"name": "Can delete log entry", "content_type": 1, "codename": "delete_logentry"}}, {"model": "auth.permission", "pk": 4, "fields": {"name": "Can add permission", "content_type": 2, "codename": "add_permission"}}, {"model": "auth.permission", "pk": 5, "fields": {"name": "Can change permission", "content_type": 2, "codename": "change_permission"}}, {"model": "auth.permission", "pk": 6, "fields": {"name": "Can delete permission", "content_type": 2, "codename": "delete_permission"}}, {"model": "auth.permission", "pk": 7, "fields": {"name": "Can add group", "content_type": 3, "codename": "add_group"}}, {"model": "auth.permission", "pk": 8, "fields": {"name": "Can change group", "content_type": 3, "codename": "change_group"}}, {"model": "auth.permission", "pk": 9, "fields": {"name": "Can delete group", "content_type": 3, "codename": "delete_group"}}, {"model": "auth.permission", "pk": 10, "fields": {"name": "Can add user", "content_type": 4, "codename": "add_user"}}, {"model": "auth.permission", "pk": 11, "fields": {"name": "Can change user", "content_type": 4, "codename": "change_user"}}, {"model": "auth.permission", "pk": 12, "fields": {"name": "Can delete user", "content_type": 4, "codename": "delete_user"}}, {"model": "auth.permission", "pk": 13, "fields": {"name": "Can add content type", "content_type": 5, "codename": "add_contenttype"}}, {"model": "auth.permission", "pk": 14, "fields": {"name": "Can change content type", "content_type": 5, "codename": "change_contenttype"}}, {"model": "auth.permission", "pk": 15, "fields": {"name": "Can delete content type", "content_type": 5, "codename": "delete_contenttype"}}, {"model": "auth.permission", "pk": 16, "fields": {"name": "Can add session", "content_type": 6, "codename": "add_session"}}, {"model": "auth.permission", "pk": 17, "fields": {"name": "Can change session", "content_type": 6, "codename": "change_session"}}, {"model": "auth.permission", "pk": 18, "fields": {"name": "Can delete session", "content_type": 6, "codename": "delete_session"}}, {"model": "auth.permission", "pk": 19, "fields": {"name": "Can add blog", "content_type": 7, "codename": "add_blog"}}, {"model": "auth.permission", "pk": 20, "fields": {"name": "Can change blog", "content_type": 7, "codename": "change_blog"}}, {"model": "auth.permission", "pk": 21, "fields": {"name": "Can delete blog", "content_type": 7, "codename": "delete_blog"}}, {"model": "auth.permission", "pk": 22, "fields": {"name": "Can add blog type", "content_type": 8, "codename": "add_blogtype"}}, {"model": "auth.permission", "pk": 23, "fields": {"name": "Can change blog type", "content_type": 8, "codename": "change_blogtype"}}, {"model": "auth.permission", "pk": 24, "fields": {"name": "Can delete blog type", "content_type": 8, "codename": "delete_blogtype"}}, {"model": "auth.permission", "pk": 25, "fields": {"name": "Can add read num", "content_type": 9, "codename": "add_readnum"}}, {"model": "auth.permission", "pk": 26, "fields": {"name": "Can change read num", "content_type": 9, "codename": "change_readnum"}}, {"model": "auth.permission", "pk": 27, "fields": {"name": "Can delete read num", "content_type": 9, "codename": "delete_readnum"}}, {"model": "auth.permission", "pk": 28, "fields": {"name": "Can add read num", "content_type": 10, "codename": "add_readnum"}}, {"model": "auth.permission", "pk": 29, "fields": {"name": "Can change read num", "content_type": 10, "codename": "change_readnum"}}, {"model": "auth.permission", "pk": 30, "fields": {"name": "Can delete read num", "content_type": 10, "codename": "delete_readnum"}}, {"model": "auth.permission", "pk": 31, "fields": {"name": "Can add read detail", "content_type": 11, "codename": "add_readdetail"}}, {"model": "auth.permission", "pk": 32, "fields": {"name": "Can change read detail", "content_type": 11, "codename": "change_readdetail"}}, {"model": "auth.permission", "pk": 33, "fields": {"name": "Can delete read detail", "content_type": 11, "codename": "delete_readdetail"}}, {"model": "auth.permission", "pk": 34, "fields": {"name": "Can add comment", "content_type": 12, "codename": "add_comment"}}, {"model": "auth.permission", "pk": 35, "fields": {"name": "Can change comment", "content_type": 12, "codename": "change_comment"}}, {"model": "auth.permission", "pk": 36, "fields": {"name": "Can delete comment", "content_type": 12, "codename": "delete_comment"}}, {"model": "auth.permission", "pk": 37, "fields": {"name": "Can add like count", "content_type": 13, "codename": "add_likecount"}}, {"model": "auth.permission", "pk": 38, "fields": {"name": "Can change like count", "content_type": 13, "codename": "change_likecount"}}, {"model": "auth.permission", "pk": 39, "fields": {"name": "Can delete like count", "content_type": 13, "codename": "delete_likecount"}}, {"model": "auth.permission", "pk": 40, "fields": {"name": "Can add like record", "content_type": 14, "codename": "add_likerecord"}}, {"model": "auth.permission", "pk": 41, "fields": {"name": "Can change like record", "content_type": 14, "codename": "change_likerecord"}}, {"model": "auth.permission", "pk": 42, "fields": {"name": "Can delete like record", "content_type": 14, "codename": "delete_likerecord"}}, {"model": "auth.permission", "pk": 43, "fields": {"name": "Can add profile", "content_type": 15, "codename": "add_profile"}}, {"model": "auth.permission", "pk": 44, "fields": {"name": "Can change profile", "content_type": 15, "codename": "change_profile"}}, {"model": "auth.permission", "pk": 45, "fields": {"name": "Can delete profile", "content_type": 15, "codename": "delete_profile"}}, {"model": "auth.user", "pk": 1, "fields": {"password": "pbkdf2_sha256$100000$efxnQPtn0pDk$fqE+VYYWbLvsvASjSmZDGnwCKT3rE3c5muRv9KwnOLo=", "last_login": "2018-07-29T12:27:43.817Z", "is_superuser": true, "username": "aspiring", "first_name": "", "last_name": "", "email": "1720049083@qq.com", "is_staff": true, "is_active": true, "date_joined": "2018-07-19T13:43:00Z", "groups": [], "user_permissions": []}}, {"model": "auth.user", "pk": 2, "fields": {"password": "pbkdf2_sha256$100000$PG1kZTH11HFw$K58CsLiXwH77vKwvB/dkukOClqZLK2sd6OPxnni5iqg=", "last_login": "2018-07-25T08:56:51.657Z", "is_superuser": false, "username": "jiaqian", "first_name": "", "last_name": "", "email": "", "is_staff": false, "is_active": true, "date_joined": "2018-07-23T06:12:00Z", "groups": [], "user_permissions": []}}, {"model": "auth.user", "pk": 3, "fields": {"password": "pbkdf2_sha256$100000$8MDmtGZVwFQF$WdIeZ1cR84OE144ifPk4Y/bcDvGLMpxVDUjlsefd6PM=", "last_login": "2018-07-26T00:21:35.733Z", "is_superuser": false, "username": "qingshu", "first_name": "", "last_name": "", "email": "1626694552@qq.com", "is_staff": false, "is_active": true, "date_joined": "2018-07-25T12:29:28.431Z", "groups": [], "user_permissions": []}}, {"model": "blog.blog", "pk": 3, "fields": {"title": "traffic in narcotics", "blog_type": 2, "content": "<h1><cite><samp><q><span style=\"color:#ff33cc\">\u6bcf\u65e5\u4efd\u6700\u4f73\u7167\u7247</span></q></samp></cite></h1>\r\n\r\n<p><img alt=\"\" src=\"/media/upload/2018/07/21/img_1851_MPctT3F.JPG\" style=\"height:432px; width:648px\" /></p>\r\n\r\n<p>&nbsp;</p>", "author": 1, "created_time": "2018-07-20T01:25:30.007Z", "last_updated_time": "2018-07-22T13:48:00.419Z"}}, {"model": "blog.blog", "pk": 4, "fields": {"title": "\u968f\u7b1402", "blog_type": 2, "content": "\u8fd9\u53c8\u662f\u4e00\u7bc7\u968f\u7b14", "author": 1, "created_time": "2018-07-20T02:05:31.451Z", "last_updated_time": "2018-07-20T02:05:31.451Z"}}, {"model": "blog.blog", "pk": 5, "fields": {"title": "django01", "blog_type": 1, "content": "\u8fd9\u662fdjango", "author": 1, "created_time": "2018-07-20T02:05:55.016Z", "last_updated_time": "2018-07-20T02:05:55.016Z"}}, {"model": "blog.blog", "pk": 6, "fields": {"title": "\u4e2d\u6587\u7248\u957f\u535a\u5ba2", "blog_type": 2, "content": "\u4e2d\u6587\u4e2d\u6587\u4e2d\u6587\u4e2d\u6587\u4e2d\u6587\u4e2d\u6587\u4e2d\u6587\u4e2d\u6587\u4e2d\u6587\u4e2d\u6587\u4e2d\u6587\u4e2d\u6587\u4e2d\u6587\u4e2d\u6587\u4e2d\u6587\u4e2d\u6587\u4e2d\u6587\u4e2d\u6587\u4e2d\u6587\u4e2d\u6587\u4e2d\u6587\u4e2d\u6587\u4e2d\u6587\u4e2d\u6587\u4e2d\u6587\u4e2d\u6587\u4e2d\u6587\u4e2d\u6587\u4e2d\u6587\u4e2d\u6587\u4e2d\u6587\u4e2d\u6587\u4e2d\u6587\u4e2d\u6587\u4e2d\u6587\u4e2d\u6587\u4e2d\u6587\u4e2d\u6587\u4e2d\u6587\u4e2d\u6587\u4e2d\u6587\u4e2d\u6587\u4e2d\u6587\u4e2d\u6587\u4e2d\u6587\u4e2d\u6587\u4e2d\u6587\u4e2d\u6587\u4e2d\u6587\u4e2d\u6587\u4e2d\u6587\u4e2d\u6587\u4e2d\u6587\u4e2d\u6587\u4e2d\u6587\u4e2d\u6587\u4e2d\u6587\u4e2d\u6587\u4e2d\u6587\u4e2d\u6587\u4e2d\u6587\u4e2d\u6587\u4e2d\u6587\u4e2d\u6587\u4e2d\u6587\u4e2d\u6587\u4e2d\u6587\u4e2d\u6587\u4e2d\u6587\u4e2d\u6587\u4e2d\u6587\u4e2d\u6587\u4e2d\u6587\u4e2d\u6587\u4e2d\u6587\u4e2d\u6587\u4e2d\u6587\u4e2d\u6587\u4e2d\u6587\u4e2d\u6587\u4e2d\u6587\u4e2d\u6587\u4e2d\u6587\u4e2d\u6587\u4e2d\u6587\u4e2d\u6587\u4e2d\u6587\u4e2d\u6587\u4e2d\u6587\u4e2d\u6587\u4e2d\u6587\u4e2d\u6587\u4e2d\u6587\u4e2d\u6587\u4e2d\u6587\u4e2d\u6587\u4e2d\u6587\u4e2d\u6587\u4e2d\u6587\u4e2d\u6587\u4e2d\u6587\u4e2d\u6587\u4e2d\u6587\u4e2d\u6587\u4e2d\u6587\u4e2d\u6587\u4e2d\u6587\u4e2d\u6587\u4e2d\u6587\u4e2d\u6587\u4e2d\u6587\u4e2d\u6587\u4e2d\u6587\u4e2d\u6587\u4e2d\u6587\u4e2d\u6587\u4e2d\u6587\u4e2d\u6587\u4e2d\u6587\u4e2d\u6587\u4e2d\u6587\u4e2d\u6587\u4e2d\u6587\u4e2d\u6587\u4e2d\u6587\u4e2d\u6587\u4e2d\u6587\u4e2d\u6587\u4e2d\u6587\u4e2d\u6587\u4e2d\u6587\u4e2d\u6587\u4e2d\u6587\u4e2d\u6587\u4e2d\u6587\u4e2d\u6587\u4e2d\u6587\u4e2d\u6587\u4e2d\u6587\u4e2d\u6587\u4e2d\u6587\u4e2d\u6587\u4e2d\u6587\u4e2d\u6587\u4e2d\u6587\u4e2d\u6587\u4e2d\u6587\u4e2d\u6587\u4e2d\u6587\u4e2d\u6587\u4e2d\u6587\u4e2d\u6587\u4e2d\u6587\u4e2d\u6587\u4e2d\u6587\u4e2d\u6587\u4e2d\u6587\u4e2d\u6587\u4e2d\u6587\u4e2d\u6587\u4e2d\u6587\u4e2d\u6587\u4e2d\u6587\u4e2d\u6587\u4e2d\u6587\u4e2d\u6587\u4e2d\u6587\u4e2d\u6587\u4e2d\u6587\u4e2d\u6587\u4e2d\u6587\u4e2d\u6587\u4e2d\u6587\u4e2d\u6587\u4e2d\u6587\u4e2d\u6587\u4e2d\u6587\u4e2d\u6587\u4e2d\u6587\u4e2d\u6587\u4e2d\u6587\u4e2d\u6587\u4e2d\u6587\u4e2d\u6587\u4e2d\u6587\u4e2d\u6587\u4e2d\u6587\u4e2d\u6587\u4e2d\u6587\u4e2d\u6587\u4e2d\u6587\u4e2d\u6587\u4e2d\u6587\u4e2d\u6587\u4e2d\u6587\u4e2d\u6587\u4e2d\u6587\u4e2d\u6587\u4e2d\u6587\u4e2d\u6587\u4e2d\u6587\u4e2d\u6587\u4e2d\u6587\u4e2d\u6587\u4e2d\u6587\u4e2d\u6587\u4e2d\u6587\u4e2d\u6587\u4e2d\u6587\u4e2d\u6587\u4e2d\u6587\u4e2d\u6587\u4e2d\u6587\u4e2d\u6587\u4e2d\u6587\u4e2d\u6587\u4e2d\u6587\u4e2d\u6587\u4e2d\u6587\u4e2d\u6587\u4e2d\u6587\u4e2d\u6587\u4e2d\u6587\u4e2d\u6587\u4e2d\u6587\u4e2d\u6587\u4e2d\u6587\u4e2d\u6587\u4e2d\u6587\u4e2d\u6587\u4e2d\u6587\u4e2d\u6587\u4e2d\u6587\u4e2d\u6587\u4e2d\u6587\u4e2d\u6587\u4e2d\u6587\u4e2d\u6587\u4e2d\u6587\u4e2d\u6587\u4e2d\u6587\u4e2d\u6587\u4e2d\u6587\u4e2d\u6587\u4e2d\u6587\u4e2d\u6587\u4e2d\u6587\u4e2d\u6587\u4e2d\u6587\u4e2d\u6587\u4e2d\u6587\u4e2d\u6587\u4e2d\u6587\u4e2d\u6587\u4e2d\u6587\u4e2d\u6587\u4e2d\u6587\u4e2d\u6587\u4e2d\u6587\u4e2d\u6587\u4e2d\u6587\u4e2d\u6587\u4e2d\u6587\u4e2d\u6587\u4e2d\u6587\u4e2d\u6587\u4e2d\u6587\u4e2d\u6587\u4e2d\u6587\u4e2d\u6587\u4e2d\u6587\u4e2d\u6587\u4e2d\u6587\u4e2d\u6587\u4e2d\u6587\u4e2d\u6587\u4e2d\u6587\u4e2d\u6587\u4e2d\u6587\u4e2d\u6587\u4e2d\u6587\u4e2d\u6587\u4e2d\u6587\u4e2d\u6587\u4e2d\u6587\u4e2d\u6587\u4e2d\u6587\u4e2d\u6587\u4e2d\u6587\u4e2d\u6587\u4e2d\u6587\u4e2d\u6587\u4e2d\u6587\u4e2d\u6587\u4e2d\u6587\u4e2d\u6587\u4e2d\u6587\u4e2d\u6587\u4e2d\u6587\u4e2d\u6587\u4e2d\u6587\u4e2d\u6587\u4e2d\u6587\u4e2d\u6587\u4e2d\u6587\u4e2d\u6587\u4e2d\u6587\u4e2d\u6587\u4e2d\u6587\u4e2d\u6587\u4e2d\u6587\u4e2d\u6587\u4e2d\u6587\u4e2d\u6587\u4e2d\u6587\u4e2d\u6587\u4e2d\u6587\u4e2d\u6587\u4e2d\u6587\u4e2d\u6587\u4e2d\u6587\u4e2d\u6587\u4e2d\u6587\u4e2d\u6587\u4e2d\u6587\u4e2d\u6587\u4e2d\u6587\u4e2d\u6587\u4e2d\u6587\u4e2d\u6587\u4e2d\u6587\u4e2d\u6587\u4e2d\u6587\u4e2d\u6587\u4e2d\u6587\u4e2d\u6587\u4e2d\u6587\u4e2d\u6587\u4e2d\u6587\u4e2d\u6587\u4e2d\u6587\u4e2d\u6587\u4e2d\u6587\u4e2d\u6587\u4e2d\u6587\u4e2d\u6587\u4e2d\u6587\u4e2d\u6587\u4e2d\u6587\u4e2d\u6587\u4e2d\u6587\u4e2d\u6587\u4e2d\u6587\u4e2d\u6587\u4e2d\u6587\u4e2d\u6587\u4e2d\u6587\u4e2d\u6587\u4e2d\u6587\u4e2d\u6587\u4e2d\u6587\u4e2d\u6587\u4e2d\u6587\u4e2d\u6587\u4e2d\u6587\u4e2d\u6587\u4e2d\u6587\u4e2d\u6587\u4e2d\u6587\u4e2d\u6587\u4e2d\u6587\u4e2d\u6587\u4e2d\u6587\u4e2d\u6587\u4e2d\u6587\u4e2d\u6587\u4e2d\u6587\u4e2d\u6587\u4e2d\u6587\u4e2d\u6587\u4e2d\u6587\u4e2d\u6587\u4e2d\u6587\u4e2d\u6587\u4e2d\u6587\u4e2d\u6587\u4e2d\u6587\u4e2d\u6587\u4e2d\u6587\u4e2d\u6587\u4e2d\u6587\u4e2d\u6587\u4e2d\u6587\u4e2d\u6587\u4e2d\u6587\u4e2d\u6587\u4e2d\u6587\u4e2d\u6587\u4e2d\u6587\u4e2d\u6587\u4e2d\u6587\u4e2d\u6587\u4e2d\u6587\u4e2d\u6587\u4e2d\u6587\u4e2d\u6587\u4e2d\u6587\u4e2d\u6587\u4e2d\u6587\u4e2d\u6587\u4e2d\u6587\u4e2d\u6587\u4e2d\u6587\u4e2d\u6587\u4e2d\u6587\u4e2d\u6587\u4e2d\u6587\u4e2d\u6587\u4e2d\u6587\u4e2d\u6587\u4e2d\u6587\u4e2d\u6587\u4e2d\u6587\u4e2d\u6587\u4e2d\u6587\u4e2d\u6587\u4e2d\u6587\u4e2d\u6587\u4e2d\u6587\u4e2d\u6587\u4e2d\u6587\u4e2d\u6587\u4e2d\u6587\u4e2d\u6587\u4e2d\u6587\u4e2d\u6587\u4e2d\u6587\u4e2d\u6587\u4e2d\u6587\u4e2d\u6587\u4e2d\u6587\u4e2d\u6587\u4e2d\u6587\u4e2d\u6587\u4e2d\u6587\u4e2d\u6587\u4e2d\u6587\u4e2d\u6587\u4e2d\u6587\u4e2d\u6587\u4e2d\u6587\u4e2d\u6587\u4e2d\u6587\u4e2d\u6587\u4e2d\u6587\u4e2d\u6587\u4e2d\u6587\u4e2d\u6587\u4e2d\u6587\u4e2d\u6587\u4e2d\u6587\u4e2d\u6587\u4e2d\u6587\u4e2d\u6587\u4e2d\u6587\u4e2d\u6587\u4e2d\u6587\u4e2d\u6587\u4e2d\u6587\u4e2d\u6587\u4e2d\u6587\u4e2d\u6587\u4e2d\u6587\u4e2d\u6587\u4e2d\u6587\u4e2d\u6587\u4e2d\u6587\u4e2d\u6587\u4e2d\u6587\u4e2d\u6587\u4e2d\u6587\u4e2d\u6587\u4e2d\u6587\u4e2d\u6587\u4e2d\u6587\u4e2d\u6587\u4e2d\u6587\u4e2d\u6587\u4e2d\u6587\u4e2d\u6587\u4e2d\u6587\u4e2d\u6587\u4e2d\u6587\u4e2d\u6587\u4e2d\u6587\u4e2d\u6587\u4e2d\u6587\u4e2d\u6587\u4e2d\u6587\u4e2d\u6587\u4e2d\u6587\u4e2d\u6587\u4e2d\u6587\u4e2d\u6587\u4e2d\u6587\u4e2d\u6587\u4e2d\u6587\u4e2d\u6587\u4e2d\u6587\u4e2d\u6587\u4e2d\u6587\u4e2d\u6587\u4e2d\u6587\u4e2d\u6587\u4e2d\u6587\u4e2d\u6587\u4e2d\u6587\u4e2d\u6587\u4e2d\u6587\u4e2d\u6587\u4e2d\u6587\u4e2d\u6587\u4e2d\u6587\u4e2d\u6587\u4e2d\u6587\u4e2d\u6587\u4e2d\u6587\u4e2d\u6587\u4e2d\u6587\u4e2d\u6587\u4e2d\u6587\u4e2d\u6587\u4e2d\u6587\u4e2d\u6587\u4e2d\u6587\u4e2d\u6587\u4e2d\u6587\u4e2d\u6587\u4e2d\u6587\u4e2d\u6587\u4e2d\u6587\u4e2d\u6587\u4e2d\u6587\u4e2d\u6587\u4e2d\u6587\u4e2d\u6587\u4e2d\u6587\u4e2d\u6587\u4e2d\u6587\u4e2d\u6587\u4e2d\u6587\u4e2d\u6587\u4e2d\u6587\u4e2d\u6587\u4e2d\u6587\u4e2d\u6587\u4e2d\u6587\u4e2d\u6587\u4e2d\u6587\u4e2d\u6587\u4e2d\u6587\u4e2d\u6587\u4e2d\u6587\u4e2d\u6587\u4e2d\u6587\u4e2d\u6587\u4e2d\u6587\u4e2d\u6587\u4e2d\u6587\u4e2d\u6587\u4e2d\u6587\u4e2d\u6587\u4e2d\u6587\u4e2d\u6587\u4e2d\u6587\u4e2d\u6587\u4e2d\u6587\u4e2d\u6587\u4e2d\u6587\u4e2d\u6587\u4e2d\u6587\u4e2d\u6587\u4e2d\u6587\u4e2d\u6587\u4e2d\u6587\u4e2d\u6587\u4e2d\u6587\u4e2d\u6587\u4e2d\u6587\u4e2d\u6587\u4e2d\u6587\u4e2d\u6587\u4e2d\u6587\u4e2d\u6587\u4e2d\u6587\u4e2d\u6587\u4e2d\u6587\u4e2d\u6587\u4e2d\u6587\u4e2d\u6587\u4e2d\u6587\u4e2d\u6587\u4e2d\u6587\u4e2d\u6587\u4e2d\u6587\u4e2d\u6587\u4e2d\u6587\u4e2d\u6587\u4e2d\u6587\u4e2d\u6587\u4e2d\u6587\u4e2d\u6587\u4e2d\u6587\u4e2d\u6587\u4e2d\u6587\u4e2d\u6587\u4e2d\u6587\u4e2d\u6587\u4e2d\u6587\u4e2d\u6587\u4e2d\u6587\u4e2d\u6587\u4e2d\u6587\u4e2d\u6587\u4e2d\u6587\u4e2d\u6587\u4e2d\u6587\u4e2d\u6587\u4e2d\u6587\u4e2d\u6587\u4e2d\u6587\u4e2d\u6587\u4e2d\u6587\u4e2d\u6587\u4e2d\u6587\u4e2d\u6587\u4e2d\u6587\u4e2d\u6587\u4e2d\u6587\u4e2d\u6587\u4e2d\u6587\u4e2d\u6587\u4e2d\u6587\u4e2d\u6587\u4e2d\u6587\u4e2d\u6587\u4e2d\u6587\u4e2d\u6587\u4e2d\u6587\u4e2d\u6587\u4e2d\u6587\u4e2d\u6587\u4e2d\u6587\u4e2d\u6587\u4e2d\u6587\u4e2d\u6587\u4e2d\u6587\u4e2d\u6587\u4e2d\u6587\u4e2d\u6587\u4e2d\u6587\u4e2d\u6587\u4e2d\u6587\u4e2d\u6587\u4e2d\u6587\u4e2d\u6587\u4e2d\u6587\u4e2d\u6587\u4e2d\u6587\u4e2d\u6587\u4e2d\u6587\u4e2d\u6587\u4e2d\u6587\u4e2d\u6587\u4e2d\u6587\u4e2d\u6587\u4e2d\u6587\u4e2d\u6587\u4e2d\u6587\u4e2d\u6587\u4e2d\u6587\u4e2d\u6587\u4e2d\u6587\u4e2d\u6587\u4e2d\u6587\u4e2d\u6587\u4e2d\u6587\u4e2d\u6587\u4e2d\u6587\u4e2d\u6587\u4e2d\u6587\u4e2d\u6587\u4e2d\u6587\u4e2d\u6587\u4e2d\u6587\u4e2d\u6587\u4e2d\u6587\u4e2d\u6587\u4e2d\u6587\u4e2d\u6587\u4e2d\u6587\u4e2d\u6587\u4e2d\u6587\u4e2d\u6587\u4e2d\u6587\u4e2d\u6587\u4e2d\u6587\u4e2d\u6587\u4e2d\u6587\u4e2d\u6587\u4e2d\u6587\u4e2d\u6587\u4e2d\u6587\u4e2d\u6587\u4e2d\u6587\u4e2d\u6587\u4e2d\u6587\u4e2d\u6587\u4e2d\u6587\u4e2d\u6587\u4e2d\u6587\u4e2d\u6587\u4e2d\u6587\u4e2d\u6587\u4e2d\u6587\u4e2d\u6587\u4e2d\u6587\u4e2d\u6587\u4e2d\u6587\u4e2d\u6587\u4e2d\u6587\u4e2d\u6587\u4e2d\u6587\u4e2d\u6587\u4e2d\u6587\u4e2d\u6587\u4e2d\u6587\u4e2d\u6587\u4e2d\u6587\u4e2d\u6587\u4e2d\u6587\u4e2d\u6587\u4e2d\u6587\u4e2d\u6587\u4e2d\u6587\u4e2d\u6587\u4e2d\u6587\u4e2d\u6587\u4e2d\u6587\u4e2d\u6587\u4e2d\u6587\u4e2d\u6587\u4e2d\u6587\u4e2d\u6587\u4e2d\u6587\u4e2d\u6587\u4e2d\u6587\u4e2d\u6587\u4e2d\u6587\u4e2d\u6587\u4e2d\u6587\u4e2d\u6587\u4e2d\u6587\u4e2d\u6587\u4e2d\u6587\u4e2d\u6587\u4e2d\u6587\u4e2d\u6587\u4e2d\u6587\u4e2d\u6587\u4e2d\u6587\u4e2d\u6587\u4e2d\u6587\u4e2d\u6587\u4e2d\u6587\u4e2d\u6587\u4e2d\u6587\u4e2d\u6587\u4e2d\u6587\u4e2d\u6587\u4e2d\u6587\u4e2d\u6587\u4e2d\u6587\u4e2d\u6587\u4e2d\u6587\u4e2d\u6587\u4e2d\u6587\u4e2d\u6587\u4e2d\u6587\u4e2d\u6587\u4e2d\u6587\u4e2d\u6587\u4e2d\u6587\u4e2d\u6587\u4e2d\u6587\u4e2d\u6587\u4e2d\u6587\u4e2d\u6587\u4e2d\u6587\u4e2d\u6587\u4e2d\u6587\u4e2d\u6587\u4e2d\u6587\u4e2d\u6587\u4e2d\u6587\u4e2d\u6587\u4e2d\u6587\u4e2d\u6587\u4e2d\u6587\u4e2d\u6587\u4e2d\u6587\u4e2d\u6587\u4e2d\u6587\u4e2d\u6587\u4e2d\u6587\u4e2d\u6587\u4e2d\u6587\u4e2d\u6587\u4e2d\u6587\u4e2d\u6587\u4e2d\u6587\u4e2d\u6587\u4e2d\u6587\u4e2d\u6587\u4e2d\u6587\u4e2d\u6587\u4e2d\u6587\u4e2d\u6587\u4e2d\u6587\u4e2d\u6587\u4e2d\u6587\u4e2d\u6587\u4e2d\u6587\u4e2d\u6587\u4e2d\u6587\u4e2d\u6587\u4e2d\u6587\u4e2d\u6587\u4e2d\u6587\u4e2d\u6587\u4e2d\u6587\u4e2d\u6587\u4e2d\u6587\u4e2d\u6587\u4e2d\u6587\u4e2d\u6587\u4e2d\u6587\u4e2d\u6587\u4e2d\u6587\u4e2d\u6587\u4e2d\u6587\u4e2d\u6587\u4e2d\u6587\u4e2d\u6587\u4e2d\u6587\u4e2d\u6587\u4e2d\u6587\u4e2d\u6587\u4e2d\u6587\u4e2d\u6587\u4e2d\u6587\u4e2d\u6587\u4e2d\u6587\u4e2d\u6587\u4e2d\u6587\u4e2d\u6587\u4e2d\u6587\u4e2d\u6587\u4e2d\u6587\u4e2d\u6587\u4e2d\u6587\u4e2d\u6587\u4e2d\u6587\u4e2d\u6587\u4e2d\u6587\u4e2d\u6587\u4e2d\u6587\u4e2d\u6587\u4e2d\u6587\u4e2d\u6587\u4e2d\u6587\u4e2d\u6587\u4e2d\u6587\u4e2d\u6587\u4e2d\u6587\u4e2d\u6587\u4e2d\u6587\u4e2d\u6587\u4e2d\u6587\u4e2d\u6587\u4e2d\u6587\u4e2d\u6587\u4e2d\u6587\u4e2d\u6587\u4e2d\u6587\u4e2d\u6587\u4e2d\u6587\u4e2d\u6587\u4e2d\u6587\u4e2d\u6587\u4e2d\u6587\u4e2d\u6587\u4e2d\u6587\u4e2d\u6587\u4e2d\u6587\u4e2d\u6587\u4e2d\u6587\u4e2d\u6587\u4e2d\u6587\u4e2d\u6587\u4e2d\u6587\u4e2d\u6587\u4e2d\u6587\u4e2d\u6587\u4e2d\u6587\u4e2d\u6587\u4e2d\u6587\u4e2d\u6587\u4e2d\u6587\u4e2d\u6587\u4e2d\u6587\u4e2d\u6587\u4e2d\u6587\u4e2d\u6587\u4e2d\u6587\u4e2d\u6587\u4e2d\u6587\u4e2d\u6587\u4e2d\u6587\u4e2d\u6587\u4e2d\u6587\u4e2d\u6587\u4e2d\u6587\u4e2d\u6587\u4e2d\u6587\u4e2d\u6587\u4e2d\u6587\u4e2d\u6587\u4e2d\u6587\u4e2d\u6587\u4e2d\u6587\u4e2d\u6587\u4e2d\u6587\u4e2d\u6587\u4e2d\u6587\u4e2d\u6587\u4e2d\u6587\u4e2d\u6587\u4e2d\u6587\u4e2d\u6587\u4e2d\u6587\u4e2d\u6587\u4e2d\u6587\u4e2d\u6587\u4e2d\u6587\u4e2d\u6587\u4e2d\u6587\u4e2d\u6587\u4e2d\u6587\u4e2d\u6587\u4e2d\u6587\u4e2d\u6587\u4e2d\u6587\u4e2d\u6587\u4e2d\u6587\u4e2d\u6587\u4e2d\u6587\u4e2d\u6587\u4e2d\u6587\u4e2d\u6587\u4e2d\u6587\u4e2d\u6587\u4e2d\u6587\u4e2d\u6587\u4e2d\u6587\u4e2d\u6587\u4e2d\u6587\u4e2d\u6587\u4e2d\u6587\u4e2d\u6587\u4e2d\u6587\u4e2d\u6587\u4e2d\u6587\u4e2d\u6587\u4e2d\u6587\u4e2d\u6587\u4e2d\u6587\u4e2d\u6587\u4e2d\u6587\u4e2d\u6587\u4e2d\u6587\u4e2d\u6587\u4e2d\u6587\u4e2d\u6587\u4e2d\u6587\u4e2d\u6587\u4e2d\u6587\u4e2d\u6587\u4e2d\u6587\u4e2d\u6587\u4e2d\u6587\u4e2d\u6587\u4e2d\u6587\u4e2d\u6587\u4e2d\u6587\u4e2d\u6587\u4e2d\u6587\u4e2d\u6587\u4e2d\u6587\u4e2d\u6587\u4e2d\u6587\u4e2d\u6587\u4e2d\u6587\u4e2d\u6587\u4e2d\u6587\u4e2d\u6587\u4e2d\u6587\u4e2d\u6587\u4e2d\u6587\u4e2d\u6587\u4e2d\u6587\u4e2d\u6587\u4e2d\u6587\u4e2d\u6587\u4e2d\u6587\u4e2d\u6587\u4e2d\u6587\u4e2d\u6587\u4e2d\u6587\u4e2d\u6587\u4e2d\u6587\u4e2d\u6587\u4e2d\u6587\u4e2d\u6587\u4e2d\u6587\u4e2d\u6587\u4e2d\u6587\u4e2d\u6587\u4e2d\u6587\u4e2d\u6587\u4e2d\u6587\u4e2d\u6587\u4e2d\u6587\u4e2d\u6587\u4e2d\u6587\u4e2d\u6587\u4e2d\u6587\u4e2d\u6587\u4e2d\u6587\u4e2d\u6587\u4e2d\u6587\u4e2d\u6587\u4e2d\u6587\u4e2d\u6587\u4e2d\u6587\u4e2d\u6587\u4e2d\u6587\u4e2d\u6587\u4e2d\u6587\u4e2d\u6587\u4e2d\u6587\u4e2d\u6587\u4e2d\u6587\u4e2d\u6587\u4e2d\u6587\u4e2d\u6587\u4e2d\u6587\u4e2d\u6587\u4e2d\u6587\u4e2d\u6587\u4e2d\u6587\u4e2d\u6587\u4e2d\u6587\u4e2d\u6587\u4e2d\u6587\u4e2d\u6587\u4e2d\u6587\u4e2d\u6587\u4e2d\u6587\u4e2d\u6587\u4e2d\u6587\u4e2d\u6587\u4e2d\u6587\u4e2d\u6587\u4e2d\u6587\u4e2d\u6587\u4e2d\u6587\u4e2d\u6587\u4e2d\u6587\u4e2d\u6587\u4e2d\u6587\u4e2d\u6587\u4e2d\u6587\u4e2d\u6587\u4e2d\u6587\u4e2d\u6587\u4e2d\u6587\u4e2d\u6587\u4e2d\u6587\u4e2d\u6587\u4e2d\u6587\u4e2d\u6587\u4e2d\u6587\u4e2d\u6587\u4e2d\u6587\u4e2d\u6587\u4e2d\u6587\u4e2d\u6587\u4e2d\u6587\u4e2d\u6587\u4e2d\u6587\u4e2d\u6587\u4e2d\u6587\u4e2d\u6587\u4e2d\u6587\u4e2d\u6587\u4e2d\u6587\u4e2d\u6587\u4e2d\u6587\u4e2d\u6587\u4e2d\u6587\u4e2d\u6587\u4e2d\u6587\u4e2d\u6587\u4e2d\u6587\u4e2d\u6587\u4e2d\u6587\u4e2d\u6587\u4e2d\u6587\u4e2d\u6587\u4e2d\u6587\u4e2d\u6587\u4e2d\u6587\u4e2d\u6587\u4e2d\u6587\u4e2d\u6587\u4e2d\u6587\u4e2d\u6587\u4e2d\u6587\u4e2d\u6587\u4e2d\u6587\u4e2d\u6587\u4e2d\u6587\u4e2d\u6587\u4e2d\u6587\u4e2d\u6587\u4e2d\u6587\u4e2d\u6587\u4e2d\u6587\u4e2d\u6587\u4e2d\u6587\u4e2d\u6587\u4e2d\u6587\u4e2d\u6587\u4e2d\u6587\u4e2d\u6587\u4e2d\u6587\u4e2d\u6587\u4e2d\u6587\u4e2d\u6587\u4e2d\u6587\u4e2d\u6587\u4e2d\u6587\u4e2d\u6587\u4e2d\u6587\u4e2d\u6587\u4e2d\u6587\u4e2d\u6587\u4e2d\u6587\u4e2d\u6587\u4e2d\u6587\u4e2d\u6587\u4e2d\u6587\u4e2d\u6587\u4e2d\u6587\u4e2d\u6587\u4e2d\u6587\u4e2d\u6587\u4e2d\u6587\u4e2d\u6587\u4e2d\u6587\u4e2d\u6587\u4e2d\u6587\u4e2d\u6587\u4e2d\u6587\u4e2d\u6587\u4e2d\u6587\u4e2d\u6587\u4e2d\u6587\u4e2d\u6587\u4e2d\u6587\u4e2d\u6587\u4e2d\u6587\u4e2d\u6587\u4e2d\u6587\u4e2d\u6587\u4e2d\u6587\u4e2d\u6587\u4e2d\u6587\u4e2d\u6587\u4e2d\u6587\u4e2d\u6587\u4e2d\u6587\u4e2d\u6587\u4e2d\u6587\u4e2d\u6587\u4e2d\u6587\u4e2d\u6587\u4e2d\u6587\u4e2d\u6587\u4e2d\u6587\u4e2d\u6587\u4e2d\u6587\u4e2d\u6587\u4e2d\u6587\u4e2d\u6587\u4e2d\u6587\u4e2d\u6587\u4e2d\u6587\u4e2d\u6587\u4e2d\u6587\u4e2d\u6587\u4e2d\u6587\u4e2d\u6587\u4e2d\u6587\u4e2d\u6587\u4e2d\u6587\u4e2d\u6587\u4e2d\u6587\u4e2d\u6587\u4e2d\u6587\u4e2d\u6587\u4e2d\u6587\u4e2d\u6587\u4e2d\u6587\u4e2d\u6587\u4e2d\u6587\u4e2d\u6587\u4e2d\u6587\u4e2d\u6587\u4e2d\u6587\u4e2d\u6587\u4e2d\u6587\u4e2d\u6587\u4e2d\u6587\u4e2d\u6587\u4e2d\u6587\u4e2d\u6587\u4e2d\u6587\u4e2d\u6587\u4e2d\u6587\u4e2d\u6587\u4e2d\u6587\u4e2d\u6587\u4e2d\u6587\u4e2d\u6587\u4e2d\u6587\u4e2d\u6587\u4e2d\u6587\u4e2d\u6587\u4e2d\u6587\u4e2d\u6587\u4e2d\u6587\u4e2d\u6587\u4e2d\u6587\u4e2d\u6587\u4e2d\u6587\u4e2d\u6587\u4e2d\u6587\u4e2d\u6587\u4e2d\u6587\u4e2d\u6587\u4e2d\u6587\u4e2d\u6587\u4e2d\u6587\u4e2d\u6587\u4e2d\u6587\u4e2d\u6587\u4e2d\u6587\u4e2d\u6587\u4e2d\u6587\u4e2d\u6587\u4e2d\u6587\u4e2d\u6587\u4e2d\u6587\u4e2d\u6587\u4e2d\u6587\u4e2d\u6587\u4e2d\u6587\u4e2d\u6587\u4e2d\u6587\u4e2d\u6587\u4e2d\u6587\u4e2d\u6587\u4e2d\u6587\u4e2d\u6587\u4e2d\u6587\u4e2d\u6587\u4e2d\u6587\u4e2d\u6587\u4e2d\u6587\u4e2d\u6587\u4e2d\u6587\u4e2d\u6587\u4e2d\u6587\u4e2d\u6587\u4e2d\u6587\u4e2d\u6587\u4e2d\u6587\u4e2d\u6587\u4e2d\u6587\u4e2d\u6587\u4e2d\u6587\u4e2d\u6587\u4e2d\u6587\u4e2d\u6587\u4e2d\u6587\u4e2d\u6587\u4e2d\u6587\u4e2d\u6587\u4e2d\u6587\u4e2d\u6587\u4e2d\u6587\u4e2d\u6587\u4e2d\u6587\u4e2d\u6587\u4e2d\u6587\u4e2d\u6587\u4e2d\u6587\u4e2d\u6587\u4e2d\u6587\u4e2d\u6587\u4e2d\u6587\u4e2d\u6587\u4e2d\u6587\u4e2d\u6587\u4e2d\u6587\u4e2d\u6587\u4e2d\u6587\u4e2d\u6587\u4e2d\u6587\u4e2d\u6587\u4e2d\u6587\u4e2d\u6587\u4e2d\u6587\u4e2d\u6587\u4e2d\u6587\u4e2d\u6587\u4e2d\u6587\u4e2d\u6587\u4e2d\u6587\u4e2d\u6587\u4e2d\u6587\u4e2d\u6587\u4e2d\u6587\u4e2d\u6587\u4e2d\u6587\u4e2d\u6587\u4e2d\u6587\u4e2d\u6587\u4e2d\u6587\u4e2d\u6587\u4e2d\u6587\u4e2d\u6587\u4e2d\u6587\u4e2d\u6587\u4e2d\u6587\u4e2d\u6587\u4e2d\u6587\u4e2d\u6587\u4e2d\u6587\u4e2d\u6587\u4e2d\u6587\u4e2d\u6587\u4e2d\u6587\u4e2d\u6587\u4e2d\u6587\u4e2d\u6587\u4e2d\u6587\u4e2d\u6587\u4e2d\u6587\u4e2d\u6587\u4e2d\u6587\u4e2d\u6587\u4e2d\u6587\u4e2d\u6587\u4e2d\u6587\u4e2d\u6587\u4e2d\u6587\u4e2d\u6587\u4e2d\u6587\u4e2d\u6587\u4e2d\u6587\u4e2d\u6587\u4e2d\u6587\u4e2d\u6587\u4e2d\u6587\u4e2d\u6587\u4e2d\u6587\u4e2d\u6587\u4e2d\u6587\u4e2d\u6587\u4e2d\u6587\u4e2d\u6587\u4e2d\u6587\u4e2d\u6587\u4e2d\u6587\u4e2d\u6587\u4e2d\u6587\u4e2d\u6587\u4e2d\u6587\u4e2d\u6587\u4e2d\u6587\u4e2d\u6587\u4e2d\u6587\u4e2d\u6587\u4e2d\u6587\u4e2d\u6587\u4e2d\u6587\u4e2d\u6587\u4e2d\u6587\u4e2d\u6587\u4e2d\u6587\u4e2d\u6587\u4e2d\u6587\u4e2d\u6587\u4e2d\u6587\u4e2d\u6587\u4e2d\u6587\u4e2d\u6587\u4e2d\u6587\u4e2d\u6587\u4e2d\u6587\u4e2d\u6587\u4e2d\u6587\u4e2d\u6587\u4e2d\u6587\u4e2d\u6587\u4e2d\u6587\u4e2d\u6587\u4e2d\u6587\u4e2d\u6587\u4e2d\u6587\u4e2d\u6587\u4e2d\u6587\u4e2d\u6587\u4e2d\u6587\u4e2d\u6587\u4e2d\u6587\u4e2d\u6587\u4e2d\u6587\u4e2d\u6587\u4e2d\u6587\u4e2d\u6587\u4e2d\u6587\u4e2d\u6587\u4e2d\u6587\u4e2d\u6587\u4e2d\u6587\u4e2d\u6587\u4e2d\u6587\u4e2d\u6587\u4e2d\u6587\u4e2d\u6587\u4e2d\u6587\u4e2d\u6587\u4e2d\u6587\u4e2d\u6587\u4e2d\u6587\u4e2d\u6587\u4e2d\u6587\u4e2d\u6587\u4e2d\u6587\u4e2d\u6587\u4e2d\u6587\u4e2d\u6587\u4e2d\u6587\u4e2d\u6587\u4e2d\u6587\u4e2d\u6587\u4e2d\u6587\u4e2d\u6587\u4e2d\u6587\u4e2d\u6587\u4e2d\u6587\u4e2d\u6587\u4e2d\u6587\u4e2d\u6587\u4e2d\u6587\u4e2d\u6587\u4e2d\u6587\u4e2d\u6587\u4e2d\u6587\u4e2d\u6587\u4e2d\u6587\u4e2d\u6587\u4e2d\u6587\u4e2d\u6587\u4e2d\u6587\u4e2d\u6587\u4e2d\u6587\u4e2d\u6587\u4e2d\u6587\u4e2d\u6587\u4e2d\u6587\u4e2d\u6587\u4e2d\u6587\u4e2d\u6587\u4e2d\u6587\u4e2d\u6587\u4e2d\u6587\u4e2d\u6587\u4e2d\u6587\u4e2d\u6587\u4e2d\u6587\u4e2d\u6587\u4e2d\u6587\u4e2d\u6587\u4e2d\u6587\u4e2d\u6587\u4e2d\u6587\u4e2d\u6587\u4e2d\u6587\u4e2d\u6587\u4e2d\u6587\u4e2d\u6587\u4e2d\u6587\u4e2d\u6587\u4e2d\u6587\u4e2d\u6587\u4e2d\u6587\u4e2d\u6587\u4e2d\u6587\u4e2d\u6587\u4e2d\u6587\u4e2d\u6587\u4e2d\u6587\u4e2d\u6587\u4e2d\u6587\u4e2d\u6587\u4e2d\u6587\u4e2d\u6587\u4e2d\u6587\u4e2d\u6587\u4e2d\u6587\u4e2d\u6587\u4e2d\u6587\u4e2d\u6587\u4e2d\u6587\u4e2d\u6587\u4e2d\u6587\u4e2d\u6587\u4e2d\u6587\u4e2d\u6587\u4e2d\u6587\u4e2d\u6587\u4e2d\u6587\u4e2d\u6587\u4e2d\u6587\u4e2d\u6587\u4e2d\u6587\u4e2d\u6587\u4e2d\u6587\u4e2d\u6587\u4e2d\u6587\u4e2d\u6587\u4e2d\u6587\u4e2d\u6587\u4e2d\u6587\u4e2d\u6587\u4e2d\u6587\u4e2d\u6587\u4e2d\u6587\u4e2d\u6587\u4e2d\u6587\u4e2d\u6587\u4e2d\u6587\u4e2d\u6587\u4e2d\u6587\u4e2d\u6587\u4e2d\u6587\u4e2d\u6587\u4e2d\u6587\u4e2d\u6587\u4e2d\u6587\u4e2d\u6587\u4e2d\u6587\u4e2d\u6587\u4e2d\u6587\u4e2d\u6587\u4e2d\u6587\u4e2d\u6587\u4e2d\u6587\u4e2d\u6587\u4e2d\u6587\u4e2d\u6587\u4e2d\u6587\u4e2d\u6587\u4e2d\u6587\u4e2d\u6587\u4e2d\u6587\u4e2d\u6587\u4e2d\u6587\u4e2d\u6587\u4e2d\u6587\u4e2d\u6587\u4e2d\u6587\u4e2d\u6587\u4e2d\u6587\u4e2d\u6587\u4e2d\u6587\u4e2d\u6587\u4e2d\u6587\u4e2d\u6587\u4e2d\u6587\u4e2d\u6587\u4e2d\u6587\u4e2d\u6587\u4e2d\u6587\u4e2d\u6587\u4e2d\u6587\u4e2d\u6587\u4e2d\u6587\u4e2d\u6587\u4e2d\u6587\u4e2d\u6587\u4e2d\u6587\u4e2d\u6587\u4e2d\u6587\u4e2d\u6587\u4e2d\u6587\u4e2d\u6587\u4e2d\u6587\u4e2d\u6587\u4e2d\u6587\u4e2d\u6587\u4e2d\u6587\u4e2d\u6587\u4e2d\u6587\u4e2d\u6587\u4e2d\u6587\u4e2d\u6587\u4e2d\u6587\u4e2d\u6587\u4e2d\u6587\u4e2d\u6587\u4e2d\u6587\u4e2d\u6587\u4e2d\u6587\u4e2d\u6587\u4e2d\u6587\u4e2d\u6587\u4e2d\u6587\u4e2d\u6587\u4e2d\u6587\u4e2d\u6587\u4e2d\u6587\u4e2d\u6587\u4e2d\u6587\u4e2d\u6587\u4e2d\u6587\u4e2d\u6587\u4e2d\u6587\u4e2d\u6587\u4e2d\u6587\u4e2d\u6587\u4e2d\u6587\u4e2d\u6587\u4e2d\u6587\u4e2d\u6587\u4e2d\u6587\u4e2d\u6587\u4e2d\u6587\u4e2d\u6587\u4e2d\u6587\u4e2d\u6587\u4e2d\u6587\u4e2d\u6587\u4e2d\u6587\u4e2d\u6587\u4e2d\u6587\u4e2d\u6587\u4e2d\u6587\u4e2d\u6587\u4e2d\u6587\u4e2d\u6587\u4e2d\u6587\u4e2d\u6587\u4e2d\u6587\u4e2d\u6587\u4e2d\u6587\u4e2d\u6587\u4e2d\u6587\u4e2d\u6587\u4e2d\u6587\u4e2d\u6587\u4e2d\u6587\u4e2d\u6587\u4e2d\u6587\u4e2d\u6587\u4e2d\u6587\u4e2d\u6587\u4e2d\u6587\u4e2d\u6587\u4e2d\u6587\u4e2d\u6587\u4e2d\u6587\u4e2d\u6587\u4e2d\u6587\u4e2d\u6587\u4e2d\u6587\u4e2d\u6587\u4e2d\u6587\u4e2d\u6587\u4e2d\u6587\u4e2d\u6587\u4e2d\u6587\u4e2d\u6587\u4e2d\u6587\u4e2d\u6587\u4e2d\u6587\u4e2d\u6587\u4e2d\u6587\u4e2d\u6587\u4e2d\u6587\u4e2d\u6587\u4e2d\u6587\u4e2d\u6587\u4e2d\u6587\u4e2d\u6587\u4e2d\u6587\u4e2d\u6587\u4e2d\u6587\u4e2d\u6587\u4e2d\u6587\u4e2d\u6587\u4e2d\u6587\u4e2d\u6587\u4e2d\u6587\u4e2d\u6587\u4e2d\u6587\u4e2d\u6587\u4e2d\u6587\u4e2d\u6587\u4e2d\u6587\u4e2d\u6587\u4e2d\u6587\u4e2d\u6587\u4e2d\u6587\u4e2d\u6587\u4e2d\u6587\u4e2d\u6587\u4e2d\u6587\u4e2d\u6587\u4e2d\u6587\u4e2d\u6587\u4e2d\u6587\u4e2d\u6587\u4e2d\u6587\u4e2d\u6587\u4e2d\u6587\u4e2d\u6587\u4e2d\u6587\u4e2d\u6587\u4e2d\u6587\u4e2d\u6587\u4e2d\u6587\u4e2d\u6587\u4e2d\u6587\u4e2d\u6587\u4e2d\u6587\u4e2d\u6587\u4e2d\u6587\u4e2d\u6587\u4e2d\u6587\u4e2d\u6587\u4e2d\u6587\u4e2d\u6587\u4e2d\u6587\u4e2d\u6587\u4e2d\u6587\u4e2d\u6587\u4e2d\u6587\u4e2d\u6587\u4e2d\u6587\u4e2d\u6587\u4e2d\u6587\u4e2d\u6587\u4e2d\u6587\u4e2d\u6587\u4e2d\u6587\u4e2d\u6587\u4e2d\u6587\u4e2d\u6587\u4e2d\u6587\u4e2d\u6587\u4e2d\u6587\u4e2d\u6587\u4e2d\u6587\u4e2d\u6587\u4e2d\u6587\u4e2d\u6587\u4e2d\u6587\u4e2d\u6587\u4e2d\u6587\u4e2d\u6587\u4e2d\u6587\u4e2d\u6587\u4e2d\u6587\u4e2d\u6587\u4e2d\u6587\u4e2d\u6587\u4e2d\u6587\u4e2d\u6587\u4e2d\u6587\u4e2d\u6587\u4e2d\u6587\u4e2d\u6587\u4e2d\u6587\u4e2d\u6587\u4e2d\u6587\u4e2d\u6587\u4e2d\u6587\u4e2d\u6587\u4e2d\u6587\u4e2d\u6587\u4e2d\u6587\u4e2d\u6587\u4e2d\u6587\u4e2d\u6587\u4e2d\u6587\u4e2d\u6587\u4e2d\u6587\u4e2d\u6587\u4e2d\u6587\u4e2d\u6587\u4e2d\u6587\u4e2d\u6587\u4e2d\u6587\u4e2d\u6587\u4e2d\u6587\u4e2d\u6587\u4e2d\u6587\u4e2d\u6587\u4e2d\u6587\u4e2d\u6587\u4e2d\u6587\u4e2d\u6587\u4e2d\u6587\u4e2d\u6587\u4e2d\u6587\u4e2d\u6587\u4e2d\u6587\u4e2d\u6587\u4e2d\u6587\u4e2d\u6587\u4e2d\u6587\u4e2d\u6587\u4e2d\u6587\u4e2d\u6587\u4e2d\u6587\u4e2d\u6587\u4e2d\u6587\u4e2d\u6587\u4e2d\u6587\u4e2d\u6587\u4e2d\u6587\u4e2d\u6587\u4e2d\u6587\u4e2d\u6587\u4e2d\u6587\u4e2d\u6587\u4e2d\u6587\u4e2d\u6587\u4e2d\u6587\u4e2d\u6587\u4e2d\u6587\u4e2d\u6587\u4e2d\u6587\u4e2d\u6587\u4e2d\u6587\u4e2d\u6587\u4e2d\u6587\u4e2d\u6587\u4e2d\u6587\u4e2d\u6587\u4e2d\u6587\u4e2d\u6587\u4e2d\u6587\u4e2d\u6587\u4e2d\u6587\u4e2d\u6587\u4e2d\u6587\u4e2d\u6587\u4e2d\u6587\u4e2d\u6587\u4e2d\u6587\u4e2d\u6587\u4e2d\u6587\u4e2d\u6587\u4e2d\u6587\u4e2d\u6587\u4e2d\u6587\u4e2d\u6587\u4e2d\u6587\u4e2d\u6587\u4e2d\u6587\u4e2d\u6587\u4e2d\u6587\u4e2d\u6587\u4e2d\u6587\u4e2d\u6587\u4e2d\u6587\u4e2d\u6587\u4e2d\u6587\u4e2d\u6587\u4e2d\u6587\u4e2d\u6587\u4e2d\u6587\u4e2d\u6587\u4e2d\u6587\u4e2d\u6587\u4e2d\u6587\u4e2d\u6587\u4e2d\u6587\u4e2d\u6587\u4e2d\u6587\u4e2d\u6587\u4e2d\u6587\u4e2d\u6587\u4e2d\u6587\u4e2d\u6587\u4e2d\u6587\u4e2d\u6587\u4e2d\u6587\u4e2d\u6587\u4e2d\u6587\u4e2d\u6587\u4e2d\u6587\u4e2d\u6587\u4e2d\u6587\u4e2d\u6587\u4e2d\u6587\u4e2d\u6587\u4e2d\u6587\u4e2d\u6587\u4e2d\u6587\u4e2d\u6587\u4e2d\u6587\u4e2d\u6587\u4e2d\u6587\u4e2d\u6587\u4e2d\u6587\u4e2d\u6587\u4e2d\u6587\u4e2d\u6587\u4e2d\u6587\u4e2d\u6587\u4e2d\u6587\u4e2d\u6587\u4e2d\u6587\u4e2d\u6587\u4e2d\u6587\u4e2d\u6587\u4e2d\u6587\u4e2d\u6587\u4e2d\u6587\u4e2d\u6587\u4e2d\u6587\u4e2d\u6587\u4e2d\u6587\u4e2d\u6587\u4e2d\u6587\u4e2d\u6587\u4e2d\u6587\u4e2d\u6587\u4e2d\u6587\u4e2d\u6587\u4e2d\u6587\u4e2d\u6587\u4e2d\u6587\u4e2d\u6587\u4e2d\u6587\u4e2d\u6587\u4e2d\u6587\u4e2d\u6587\u4e2d\u6587\u4e2d\u6587\u4e2d\u6587\u4e2d\u6587\u4e2d\u6587\u4e2d\u6587\u4e2d\u6587\u4e2d\u6587\u4e2d\u6587\u4e2d\u6587\u4e2d\u6587\u4e2d\u6587\u4e2d\u6587\u4e2d\u6587\u4e2d\u6587\u4e2d\u6587\u4e2d\u6587\u4e2d\u6587\u4e2d\u6587\u4e2d\u6587\u4e2d\u6587\u4e2d\u6587\u4e2d\u6587\u4e2d\u6587\u4e2d\u6587\u4e2d\u6587\u4e2d\u6587\u4e2d\u6587\u4e2d\u6587\u4e2d\u6587\u4e2d\u6587\u4e2d\u6587\u4e2d\u6587\u4e2d\u6587\u4e2d\u6587\u4e2d\u6587\u4e2d\u6587\u4e2d\u6587\u4e2d\u6587\u4e2d\u6587\u4e2d\u6587\u4e2d\u6587\u4e2d\u6587\u4e2d\u6587\u4e2d\u6587\u4e2d\u6587\u4e2d\u6587\u4e2d\u6587\u4e2d\u6587\u4e2d\u6587\u4e2d\u6587\u4e2d\u6587\u4e2d\u6587\u4e2d\u6587\u4e2d\u6587\u4e2d\u6587\u4e2d\u6587\u4e2d\u6587\u4e2d\u6587\u4e2d\u6587\u4e2d\u6587\u4e2d\u6587\u4e2d\u6587\u4e2d\u6587\u4e2d\u6587\u4e2d\u6587\u4e2d\u6587\u4e2d\u6587\u4e2d\u6587\u4e2d\u6587\u4e2d\u6587\u4e2d\u6587\u4e2d\u6587\u4e2d\u6587\u4e2d\u6587\u4e2d\u6587\u4e2d\u6587\u4e2d\u6587\u4e2d\u6587\u4e2d\u6587\u4e2d\u6587\u4e2d\u6587\u4e2d\u6587\u4e2d\u6587\u4e2d\u6587\u4e2d\u6587\u4e2d\u6587\u4e2d\u6587\u4e2d\u6587\u4e2d\u6587\u4e2d\u6587\u4e2d\u6587\u4e2d\u6587\u4e2d\u6587\u4e2d\u6587\u4e2d\u6587\u4e2d\u6587\u4e2d\u6587\u4e2d\u6587\u4e2d\u6587\u4e2d\u6587\u4e2d\u6587\u4e2d\u6587\u4e2d\u6587\u4e2d\u6587\u4e2d\u6587\u4e2d\u6587\u4e2d\u6587\u4e2d\u6587\u4e2d\u6587\u4e2d\u6587\u4e2d\u6587\u4e2d\u6587\u4e2d\u6587\u4e2d\u6587\u4e2d\u6587\u4e2d\u6587\u4e2d\u6587\u4e2d\u6587\u4e2d\u6587\u4e2d\u6587\u4e2d\u6587\u4e2d\u6587\u4e2d\u6587\u4e2d\u6587\u4e2d\u6587\u4e2d\u6587\u4e2d\u6587\u4e2d\u6587\u4e2d\u6587\u4e2d\u6587\u4e2d\u6587\u4e2d\u6587\u4e2d\u6587\u4e2d\u6587\u4e2d\u6587\u4e2d\u6587\u4e2d\u6587\u4e2d\u6587\u4e2d\u6587\u4e2d\u6587\u4e2d\u6587\u4e2d\u6587\u4e2d\u6587\u4e2d\u6587\u4e2d\u6587\u4e2d\u6587\u4e2d\u6587\u4e2d\u6587\u4e2d\u6587\u4e2d\u6587\u4e2d\u6587\u4e2d\u6587\u4e2d\u6587\u4e2d\u6587\u4e2d\u6587\u4e2d\u6587\u4e2d\u6587\u4e2d\u6587\u4e2d\u6587\u4e2d\u6587\u4e2d\u6587\u4e2d\u6587\u4e2d\u6587\u4e2d\u6587\u4e2d\u6587\u4e2d\u6587\u4e2d\u6587\u4e2d\u6587\u4e2d\u6587\u4e2d\u6587\u4e2d\u6587\u4e2d\u6587\u4e2d\u6587\u4e2d\u6587\u4e2d\u6587\u4e2d\u6587\u4e2d\u6587\u4e2d\u6587\u4e2d\u6587\u4e2d\u6587\u4e2d\u6587\u4e2d\u6587\u4e2d\u6587\u4e2d\u6587\u4e2d\u6587\u4e2d\u6587\u4e2d\u6587\u4e2d\u6587\u4e2d\u6587\u4e2d\u6587\u4e2d\u6587\u4e2d\u6587\u4e2d\u6587\u4e2d\u6587\u4e2d\u6587\u4e2d\u6587\u4e2d\u6587\u4e2d\u6587\u4e2d\u6587\u4e2d\u6587\u4e2d\u6587\u4e2d\u6587\u4e2d\u6587\u4e2d\u6587\u4e2d\u6587\u4e2d\u6587\u4e2d\u6587\u4e2d\u6587\u4e2d\u6587\u4e2d\u6587\u4e2d\u6587\u4e2d\u6587\u4e2d\u6587\u4e2d\u6587\u4e2d\u6587\u4e2d\u6587\u4e2d\u6587\u4e2d\u6587\u4e2d\u6587\u4e2d\u6587\u4e2d\u6587\u4e2d\u6587\u4e2d\u6587\u4e2d\u6587\u4e2d\u6587\u4e2d\u6587\u4e2d\u6587\u4e2d\u6587\u4e2d\u6587\u4e2d\u6587\u4e2d\u6587\u4e2d\u6587\u4e2d\u6587\u4e2d\u6587\u4e2d\u6587\u4e2d\u6587\u4e2d\u6587\u4e2d\u6587\u4e2d\u6587\u4e2d\u6587\u4e2d\u6587\u4e2d\u6587\u4e2d\u6587\u4e2d\u6587\u4e2d\u6587\u4e2d\u6587\u4e2d\u6587\u4e2d\u6587\u4e2d\u6587\u4e2d\u6587\u4e2d\u6587\u4e2d\u6587\u4e2d\u6587\u4e2d\u6587\u4e2d\u6587\u4e2d\u6587\u4e2d\u6587\u4e2d\u6587\u4e2d\u6587\u4e2d\u6587\u4e2d\u6587\u4e2d\u6587\u4e2d\u6587\u4e2d\u6587\u4e2d\u6587\u4e2d\u6587\u4e2d\u6587\u4e2d\u6587\u4e2d\u6587\u4e2d\u6587\u4e2d\u6587\u4e2d\u6587\u4e2d\u6587\u4e2d\u6587\u4e2d\u6587\u4e2d\u6587\u4e2d\u6587\u4e2d\u6587\u4e2d\u6587\u4e2d\u6587\u4e2d\u6587\u4e2d\u6587\u4e2d\u6587\u4e2d\u6587\u4e2d\u6587\u4e2d\u6587\u4e2d\u6587\u4e2d\u6587\u4e2d\u6587\u4e2d\u6587\u4e2d\u6587\u4e2d\u6587\u4e2d\u6587\u4e2d\u6587\u4e2d\u6587\u4e2d\u6587\u4e2d\u6587\u4e2d\u6587\u4e2d\u6587\u4e2d\u6587\u4e2d\u6587\u4e2d\u6587\u4e2d\u6587\u4e2d\u6587\u4e2d\u6587\u4e2d\u6587\u4e2d\u6587\u4e2d\u6587\u4e2d\u6587\u4e2d\u6587\u4e2d\u6587\u4e2d\u6587\u4e2d\u6587\u4e2d\u6587\u4e2d\u6587\u4e2d\u6587\u4e2d\u6587\u4e2d\u6587\u4e2d\u6587\u4e2d\u6587\u4e2d\u6587\u4e2d\u6587\u4e2d\u6587\u4e2d\u6587\u4e2d\u6587\u4e2d\u6587\u4e2d\u6587\u4e2d\u6587\u4e2d\u6587\u4e2d\u6587\u4e2d\u6587\u4e2d\u6587\u4e2d\u6587\u4e2d\u6587\u4e2d\u6587\u4e2d\u6587\u4e2d\u6587\u4e2d\u6587\u4e2d\u6587\u4e2d\u6587\u4e2d\u6587\u4e2d\u6587\u4e2d\u6587\u4e2d\u6587\u4e2d\u6587\u4e2d\u6587\u4e2d\u6587\u4e2d\u6587\u4e2d\u6587\u4e2d\u6587\u4e2d\u6587\u4e2d\u6587\u4e2d\u6587\u4e2d\u6587\u4e2d\u6587\u4e2d\u6587\u4e2d\u6587\u4e2d\u6587\u4e2d\u6587\u4e2d\u6587\u4e2d\u6587\u4e2d\u6587\u4e2d\u6587\u4e2d\u6587\u4e2d\u6587\u4e2d\u6587\u4e2d\u6587\u4e2d\u6587\u4e2d\u6587\u4e2d\u6587\u4e2d\u6587\u4e2d\u6587\u4e2d\u6587\u4e2d\u6587\u4e2d\u6587\u4e2d\u6587\u4e2d\u6587\u4e2d\u6587\u4e2d\u6587\u4e2d\u6587\u4e2d\u6587\u4e2d\u6587\u4e2d\u6587\u4e2d\u6587\u4e2d\u6587\u4e2d\u6587\u4e2d\u6587\u4e2d\u6587\u4e2d\u6587\u4e2d\u6587\u4e2d\u6587\u4e2d\u6587\u4e2d\u6587\u4e2d\u6587\u4e2d\u6587\u4e2d\u6587\u4e2d\u6587\u4e2d\u6587\u4e2d\u6587\u4e2d\u6587\u4e2d\u6587\u4e2d\u6587\u4e2d\u6587\u4e2d\u6587\u4e2d\u6587\u4e2d\u6587\u4e2d\u6587\u4e2d\u6587\u4e2d\u6587\u4e2d\u6587\u4e2d\u6587\u4e2d\u6587\u4e2d\u6587\u4e2d\u6587\u4e2d\u6587\u4e2d\u6587\u4e2d\u6587\u4e2d\u6587\u4e2d\u6587\u4e2d\u6587\u4e2d\u6587\u4e2d\u6587\u4e2d\u6587\u4e2d\u6587\u4e2d\u6587\u4e2d\u6587\u4e2d\u6587\u4e2d\u6587\u4e2d\u6587\u4e2d\u6587\u4e2d\u6587\u4e2d\u6587\u4e2d\u6587\u4e2d\u6587\u4e2d\u6587\u4e2d\u6587\u4e2d\u6587\u4e2d\u6587\u4e2d\u6587\u4e2d\u6587\u4e2d\u6587\u4e2d\u6587\u4e2d\u6587\u4e2d\u6587\u4e2d\u6587\u4e2d\u6587\u4e2d\u6587\u4e2d\u6587\u4e2d\u6587\u4e2d\u6587\u4e2d\u6587\u4e2d\u6587\u4e2d\u6587\u4e2d\u6587\u4e2d\u6587\u4e2d\u6587\u4e2d\u6587\u4e2d\u6587\u4e2d\u6587\u4e2d\u6587\u4e2d\u6587\u4e2d\u6587\u4e2d\u6587\u4e2d\u6587\u4e2d\u6587\u4e2d\u6587\u4e2d\u6587\u4e2d\u6587\u4e2d\u6587\u4e2d\u6587\u4e2d\u6587\u4e2d\u6587\u4e2d\u6587\u4e2d\u6587\u4e2d\u6587\u4e2d\u6587\u4e2d\u6587\u4e2d\u6587\u4e2d\u6587\u4e2d\u6587\u4e2d\u6587\u4e2d\u6587\u4e2d\u6587\u4e2d\u6587\u4e2d\u6587\u4e2d\u6587\u4e2d\u6587\u4e2d\u6587\u4e2d\u6587\u4e2d\u6587\u4e2d\u6587\u4e2d\u6587\u4e2d\u6587\u4e2d\u6587\u4e2d\u6587\u4e2d\u6587\u4e2d\u6587\u4e2d\u6587\u4e2d\u6587\u4e2d\u6587\u4e2d\u6587\u4e2d\u6587\u4e2d\u6587\u4e2d\u6587\u4e2d\u6587\u4e2d\u6587\u4e2d\u6587\u4e2d\u6587\u4e2d\u6587\u4e2d\u6587\u4e2d\u6587\u4e2d\u6587\u4e2d\u6587\u4e2d\u6587\u4e2d\u6587\u4e2d\u6587\u4e2d\u6587\u4e2d\u6587\u4e2d\u6587\u4e2d\u6587\u4e2d\u6587\u4e2d\u6587\u4e2d\u6587\u4e2d\u6587\u4e2d\u6587\u4e2d\u6587\u4e2d\u6587\u4e2d\u6587\u4e2d\u6587\u4e2d\u6587\u4e2d\u6587\u4e2d\u6587\u4e2d\u6587\u4e2d\u6587\u4e2d\u6587\u4e2d\u6587\u4e2d\u6587\u4e2d\u6587\u4e2d\u6587\u4e2d\u6587\u4e2d\u6587\u4e2d\u6587\u4e2d\u6587\u4e2d\u6587\u4e2d\u6587\u4e2d\u6587\u4e2d\u6587\u4e2d\u6587\u4e2d\u6587\u4e2d\u6587\u4e2d\u6587\u4e2d\u6587\u4e2d\u6587\u4e2d\u6587\u4e2d\u6587\u4e2d\u6587\u4e2d\u6587\u4e2d\u6587\u4e2d\u6587\u4e2d\u6587\u4e2d\u6587\u4e2d\u6587\u4e2d\u6587\u4e2d\u6587\u4e2d\u6587\u4e2d\u6587\u4e2d\u6587\u4e2d\u6587\u4e2d\u6587\u4e2d\u6587\u4e2d\u6587\u4e2d\u6587\u4e2d\u6587\u4e2d\u6587\u4e2d\u6587\u4e2d\u6587\u4e2d\u6587\u4e2d\u6587\u4e2d\u6587\u4e2d\u6587\u4e2d\u6587\u4e2d\u6587\u4e2d\u6587\u4e2d\u6587\u4e2d\u6587\u4e2d\u6587\u4e2d\u6587\u4e2d\u6587\u4e2d\u6587\u4e2d\u6587\u4e2d\u6587\u4e2d\u6587\u4e2d\u6587\u4e2d\u6587\u4e2d\u6587\u4e2d\u6587\u4e2d\u6587\u4e2d\u6587\u4e2d\u6587\u4e2d\u6587\u4e2d\u6587\u4e2d\u6587\u4e2d\u6587\u4e2d\u6587\u4e2d\u6587\u4e2d\u6587\u4e2d\u6587\u4e2d\u6587\u4e2d\u6587\u4e2d\u6587\u4e2d\u6587\u4e2d\u6587\u4e2d\u6587\u4e2d\u6587\u4e2d\u6587\u4e2d\u6587\u4e2d\u6587\u4e2d\u6587\u4e2d\u6587\u4e2d\u6587\u4e2d\u6587\u4e2d\u6587\u4e2d\u6587\u4e2d\u6587\u4e2d\u6587\u4e2d\u6587\u4e2d\u6587\u4e2d\u6587\u4e2d\u6587\u4e2d\u6587\u4e2d\u6587\u4e2d\u6587\u4e2d\u6587\u4e2d\u6587\u4e2d\u6587\u4e2d\u6587\u4e2d\u6587\u4e2d\u6587\u4e2d\u6587\u4e2d\u6587\u4e2d\u6587\u4e2d\u6587\u4e2d\u6587\u4e2d\u6587\u4e2d\u6587\u4e2d\u6587\u4e2d\u6587\u4e2d\u6587\u4e2d\u6587\u4e2d\u6587\u4e2d\u6587\u4e2d\u6587\u4e2d\u6587\u4e2d\u6587\u4e2d\u6587\u4e2d\u6587\u4e2d\u6587\u4e2d\u6587\u4e2d\u6587\u4e2d\u6587\u4e2d\u6587\u4e2d\u6587\u4e2d\u6587\u4e2d\u6587\u4e2d\u6587\u4e2d\u6587\u4e2d\u6587\u4e2d\u6587\u4e2d\u6587\u4e2d\u6587\u4e2d\u6587\u4e2d\u6587\u4e2d\u6587\u4e2d\u6587\u4e2d\u6587\u4e2d\u6587\u4e2d\u6587\u4e2d\u6587\u4e2d\u6587\u4e2d\u6587\u4e2d\u6587\u4e2d\u6587\u4e2d\u6587\u4e2d\u6587\u4e2d\u6587\u4e2d\u6587\u4e2d\u6587\u4e2d\u6587\u4e2d\u6587\u4e2d\u6587\u4e2d\u6587\u4e2d\u6587\u4e2d\u6587\u4e2d\u6587\u4e2d\u6587\u4e2d\u6587\u4e2d\u6587\u4e2d\u6587\u4e2d\u6587\u4e2d\u6587\u4e2d\u6587\u4e2d\u6587\u4e2d\u6587\u4e2d\u6587\u4e2d\u6587\u4e2d\u6587\u4e2d\u6587\u4e2d\u6587\u4e2d\u6587\u4e2d\u6587\u4e2d\u6587\u4e2d\u6587\u4e2d\u6587\u4e2d\u6587\u4e2d\u6587\u4e2d\u6587\u4e2d\u6587\u4e2d\u6587\u4e2d\u6587\u4e2d\u6587\u4e2d\u6587\u4e2d\u6587\u4e2d\u6587\u4e2d\u6587\u4e2d\u6587\u4e2d\u6587\u4e2d\u6587\u4e2d\u6587\u4e2d\u6587\u4e2d\u6587\u4e2d\u6587\u4e2d\u6587\u4e2d\u6587\u4e2d\u6587\u4e2d\u6587\u4e2d\u6587\u4e2d\u6587\u4e2d\u6587\u4e2d\u6587\u4e2d\u6587\u4e2d\u6587\u4e2d\u6587\u4e2d\u6587\u4e2d\u6587\u4e2d\u6587\u4e2d\u6587\u4e2d\u6587\u4e2d\u6587\u4e2d\u6587\u4e2d\u6587\u4e2d\u6587\u4e2d\u6587\u4e2d\u6587\u4e2d\u6587\u4e2d\u6587\u4e2d\u6587\u4e2d\u6587\u4e2d\u6587\u4e2d\u6587\u4e2d\u6587\u4e2d\u6587\u4e2d\u6587\u4e2d\u6587\u4e2d\u6587\u4e2d\u6587\u4e2d\u6587\u4e2d\u6587\u4e2d\u6587\u4e2d\u6587\u4e2d\u6587\u4e2d\u6587\u4e2d\u6587\u4e2d\u6587\u4e2d\u6587\u4e2d\u6587\u4e2d\u6587\u4e2d\u6587\u4e2d\u6587\u4e2d\u6587\u4e2d\u6587\u4e2d\u6587\u4e2d\u6587\u4e2d\u6587\u4e2d\u6587\u4e2d\u6587\u4e2d\u6587\u4e2d\u6587\u4e2d\u6587\u4e2d\u6587\u4e2d\u6587\u4e2d\u6587\u4e2d\u6587\u4e2d\u6587\u4e2d\u6587\u4e2d\u6587\u4e2d\u6587\u4e2d\u6587\u4e2d\u6587\u4e2d\u6587\u4e2d\u6587\u4e2d\u6587\u4e2d\u6587\u4e2d\u6587\u4e2d\u6587\u4e2d\u6587\u4e2d\u6587\u4e2d\u6587\u4e2d\u6587\u4e2d\u6587\u4e2d\u6587\u4e2d\u6587\u4e2d\u6587\u4e2d\u6587\u4e2d\u6587\u4e2d\u6587\u4e2d\u6587\u4e2d\u6587\u4e2d\u6587\u4e2d\u6587\u4e2d\u6587\u4e2d\u6587\u4e2d\u6587\u4e2d\u6587\u4e2d\u6587\u4e2d\u6587\u4e2d\u6587\u4e2d\u6587\u4e2d\u6587\u4e2d\u6587\u4e2d\u6587\u4e2d\u6587\u4e2d\u6587\u4e2d\u6587\u4e2d\u6587\u4e2d\u6587\u4e2d\u6587\u4e2d\u6587\u4e2d\u6587\u4e2d\u6587\u4e2d\u6587\u4e2d\u6587\u4e2d\u6587\u4e2d\u6587\u4e2d\u6587\u4e2d\u6587\u4e2d\u6587\u4e2d\u6587\u4e2d\u6587\u4e2d\u6587\u4e2d\u6587\u4e2d\u6587\u4e2d\u6587\u4e2d\u6587\u4e2d\u6587\u4e2d\u6587\u4e2d\u6587\u4e2d\u6587\u4e2d\u6587\u4e2d\u6587\u4e2d\u6587\u4e2d\u6587\u4e2d\u6587\u4e2d\u6587\u4e2d\u6587\u4e2d\u6587\u4e2d\u6587\u4e2d\u6587\u4e2d\u6587\u4e2d\u6587\u4e2d\u6587\u4e2d\u6587\u4e2d\u6587\u4e2d\u6587\u4e2d\u6587\u4e2d\u6587\u4e2d\u6587\u4e2d\u6587\u4e2d\u6587\u4e2d\u6587\u4e2d\u6587\u4e2d\u6587\u4e2d\u6587\u4e2d\u6587\u4e2d\u6587\u4e2d\u6587\u4e2d\u6587\u4e2d\u6587\u4e2d\u6587\u4e2d\u6587\u4e2d\u6587\u4e2d\u6587\u4e2d\u6587\u4e2d\u6587\u4e2d\u6587\u4e2d\u6587\u4e2d\u6587\u4e2d\u6587\u4e2d\u6587\u4e2d\u6587\u4e2d\u6587\u4e2d\u6587\u4e2d\u6587\u4e2d\u6587\u4e2d\u6587\u4e2d\u6587\u4e2d\u6587\u4e2d\u6587\u4e2d\u6587\u4e2d\u6587\u4e2d\u6587\u4e2d\u6587\u4e2d\u6587\u4e2d\u6587\u4e2d\u6587\u4e2d\u6587\u4e2d\u6587\u4e2d\u6587\u4e2d\u6587\u4e2d\u6587\u4e2d\u6587\u4e2d\u6587\u4e2d\u6587\u4e2d\u6587\u4e2d\u6587\u4e2d\u6587\u4e2d\u6587\u4e2d\u6587\u4e2d\u6587\u4e2d\u6587\u4e2d\u6587\u4e2d\u6587\u4e2d\u6587\u4e2d\u6587\u4e2d\u6587\u4e2d\u6587\u4e2d\u6587\u4e2d\u6587\u4e2d\u6587\u4e2d\u6587\u4e2d\u6587\u4e2d\u6587\u4e2d\u6587\u4e2d\u6587\u4e2d\u6587\u4e2d\u6587\u4e2d\u6587\u4e2d\u6587\u4e2d\u6587\u4e2d\u6587\u4e2d\u6587\u4e2d\u6587\u4e2d\u6587\u4e2d\u6587\u4e2d\u6587\u4e2d\u6587\u4e2d\u6587\u4e2d\u6587\u4e2d\u6587\u4e2d\u6587\u4e2d\u6587\u4e2d\u6587\u4e2d\u6587\u4e2d\u6587\u4e2d\u6587\u4e2d\u6587\u4e2d\u6587\u4e2d\u6587\u4e2d\u6587\u4e2d\u6587\u4e2d\u6587\u4e2d\u6587\u4e2d\u6587\u4e2d\u6587\u4e2d\u6587\u4e2d\u6587\u4e2d\u6587\u4e2d\u6587\u4e2d\u6587\u4e2d\u6587\u4e2d\u6587\u4e2d\u6587\u4e2d\u6587\u4e2d\u6587\u4e2d\u6587\u4e2d\u6587\u4e2d\u6587\u4e2d\u6587\u4e2d\u6587\u4e2d\u6587\u4e2d\u6587\u4e2d\u6587\u4e2d\u6587\u4e2d\u6587\u4e2d\u6587\u4e2d\u6587\u4e2d\u6587\u4e2d\u6587\u4e2d\u6587\u4e2d\u6587\u4e2d\u6587\u4e2d\u6587\u4e2d\u6587\u4e2d\u6587\u4e2d\u6587\u4e2d\u6587\u4e2d\u6587\u4e2d\u6587\u4e2d\u6587\u4e2d\u6587\u4e2d\u6587\u4e2d\u6587\u4e2d\u6587\u4e2d\u6587\u4e2d\u6587\u4e2d\u6587\u4e2d\u6587\u4e2d\u6587\u4e2d\u6587\u4e2d\u6587\u4e2d\u6587\u4e2d\u6587\u4e2d\u6587\u4e2d\u6587\u4e2d\u6587\u4e2d\u6587\u4e2d\u6587\u4e2d\u6587\u4e2d\u6587\u4e2d\u6587\u4e2d\u6587\u4e2d\u6587\u4e2d\u6587\u4e2d\u6587\u4e2d\u6587\u4e2d\u6587\u4e2d\u6587\u4e2d\u6587\u4e2d\u6587\u4e2d\u6587\u4e2d\u6587\u4e2d\u6587\u4e2d\u6587\u4e2d\u6587\u4e2d\u6587\u4e2d\u6587\u4e2d\u6587\u4e2d\u6587\u4e2d\u6587\u4e2d\u6587\u4e2d\u6587\u4e2d\u6587\u4e2d\u6587\u4e2d\u6587\u4e2d\u6587\u4e2d\u6587\u4e2d\u6587\u4e2d\u6587\u4e2d\u6587\u4e2d\u6587\u4e2d\u6587\u4e2d\u6587\u4e2d\u6587\u4e2d\u6587\u4e2d\u6587\u4e2d\u6587\u4e2d\u6587\u4e2d\u6587\u4e2d\u6587\u4e2d\u6587\u4e2d\u6587\u4e2d\u6587\u4e2d\u6587\u4e2d\u6587\u4e2d\u6587\u4e2d\u6587\u4e2d\u6587\u4e2d\u6587\u4e2d\u6587\u4e2d\u6587\u4e2d\u6587\u4e2d\u6587\u4e2d\u6587\u4e2d\u6587\u4e2d\u6587\u4e2d\u6587\u4e2d\u6587\u4e2d\u6587\u4e2d\u6587\u4e2d\u6587\u4e2d\u6587\u4e2d\u6587\u4e2d\u6587\u4e2d\u6587\u4e2d\u6587\u4e2d\u6587\u4e2d\u6587\u4e2d\u6587\u4e2d\u6587\u4e2d\u6587\u4e2d\u6587\u4e2d\u6587\u4e2d\u6587\u4e2d\u6587\u4e2d\u6587\u4e2d\u6587\u4e2d\u6587\u4e2d\u6587\u4e2d\u6587\u4e2d\u6587\u4e2d\u6587\u4e2d\u6587\u4e2d\u6587\u4e2d\u6587\u4e2d\u6587\u4e2d\u6587\u4e2d\u6587\u4e2d\u6587\u4e2d\u6587\u4e2d\u6587\u4e2d\u6587\u4e2d\u6587\u4e2d\u6587\u4e2d\u6587\u4e2d\u6587\u4e2d\u6587\u4e2d\u6587\u4e2d\u6587\u4e2d\u6587\u4e2d\u6587\u4e2d\u6587\u4e2d\u6587\u4e2d\u6587\u4e2d\u6587\u4e2d\u6587\u4e2d\u6587\u4e2d\u6587\u4e2d\u6587\u4e2d\u6587\u4e2d\u6587\u4e2d\u6587\u4e2d\u6587\u4e2d\u6587\u4e2d\u6587\u4e2d\u6587\u4e2d\u6587\u4e2d\u6587\u4e2d\u6587\u4e2d\u6587\u4e2d\u6587\u4e2d\u6587\u4e2d\u6587\u4e2d\u6587\u4e2d\u6587\u4e2d\u6587\u4e2d\u6587\u4e2d\u6587\u4e2d\u6587\u4e2d\u6587\u4e2d\u6587\u4e2d\u6587\u4e2d\u6587\u4e2d\u6587\u4e2d\u6587\u4e2d\u6587\u4e2d\u6587\u4e2d\u6587\u4e2d\u6587\u4e2d\u6587\u4e2d\u6587\u4e2d\u6587\u4e2d\u6587\u4e2d\u6587\u4e2d\u6587\u4e2d\u6587\u4e2d\u6587\u4e2d\u6587\u4e2d\u6587\u4e2d\u6587\u4e2d\u6587\u4e2d\u6587\u4e2d\u6587\u4e2d\u6587\u4e2d\u6587\u4e2d\u6587\u4e2d\u6587\u4e2d\u6587\u4e2d\u6587\u4e2d\u6587\u4e2d\u6587\u4e2d\u6587\u4e2d\u6587\u4e2d\u6587\u4e2d\u6587\u4e2d\u6587\u4e2d\u6587\u4e2d\u6587\u4e2d\u6587\u4e2d\u6587\u4e2d\u6587\u4e2d\u6587\u4e2d\u6587\u4e2d\u6587\u4e2d\u6587\u4e2d\u6587\u4e2d\u6587\u4e2d\u6587\u4e2d\u6587\u4e2d\u6587\u4e2d\u6587\u4e2d\u6587\u4e2d\u6587\u4e2d\u6587\u4e2d\u6587\u4e2d\u6587\u4e2d\u6587\u4e2d\u6587\u4e2d\u6587\u4e2d\u6587\u4e2d\u6587\u4e2d\u6587\u4e2d\u6587\u4e2d\u6587\u4e2d\u6587\u4e2d\u6587\u4e2d\u6587\u4e2d\u6587\u4e2d\u6587\u4e2d\u6587\u4e2d\u6587\u4e2d\u6587\u4e2d\u6587\u4e2d\u6587\u4e2d\u6587\u4e2d\u6587\u4e2d\u6587\u4e2d\u6587\u4e2d\u6587\u4e2d\u6587\u4e2d\u6587\u4e2d\u6587\u4e2d\u6587\u4e2d\u6587\u4e2d\u6587\u4e2d\u6587\u4e2d\u6587\u4e2d\u6587\u4e2d\u6587\u4e2d\u6587\u4e2d\u6587\u4e2d\u6587\u4e2d\u6587\u4e2d\u6587\u4e2d\u6587\u4e2d\u6587\u4e2d\u6587\u4e2d\u6587\u4e2d\u6587\u4e2d\u6587\u4e2d\u6587\u4e2d\u6587\u4e2d\u6587\u4e2d\u6587\u4e2d\u6587\u4e2d\u6587\u4e2d\u6587\u4e2d\u6587\u4e2d\u6587\u4e2d\u6587\u4e2d\u6587\u4e2d\u6587\u4e2d\u6587\u4e2d\u6587\u4e2d\u6587\u4e2d\u6587\u4e2d\u6587\u4e2d\u6587\u4e2d\u6587\u4e2d\u6587\u4e2d\u6587\u4e2d\u6587\u4e2d\u6587\u4e2d\u6587\u4e2d\u6587\u4e2d\u6587\u4e2d\u6587\u4e2d\u6587\u4e2d\u6587\u4e2d\u6587\u4e2d\u6587\u4e2d\u6587\u4e2d\u6587\u4e2d\u6587\u4e2d\u6587\u4e2d\u6587\u4e2d\u6587\u4e2d\u6587\u4e2d\u6587\u4e2d\u6587\u4e2d\u6587\u4e2d\u6587\u4e2d\u6587\u4e2d\u6587\u4e2d\u6587\u4e2d\u6587\u4e2d\u6587\u4e2d\u6587\u4e2d\u6587\u4e2d\u6587\u4e2d\u6587\u4e2d\u6587\u4e2d\u6587\u4e2d\u6587\u4e2d\u6587\u4e2d\u6587\u4e2d\u6587\u4e2d\u6587\u4e2d\u6587\u4e2d\u6587\u4e2d\u6587\u4e2d\u6587\u4e2d\u6587\u4e2d\u6587\u4e2d\u6587\u4e2d\u6587\u4e2d\u6587\u4e2d\u6587\u4e2d\u6587\u4e2d\u6587\u4e2d\u6587\u4e2d\u6587\u4e2d\u6587\u4e2d\u6587\u4e2d\u6587\u4e2d\u6587\u4e2d\u6587\u4e2d\u6587\u4e2d\u6587\u4e2d\u6587\u4e2d\u6587\u4e2d\u6587\u4e2d\u6587\u4e2d\u6587\u4e2d\u6587\u4e2d\u6587\u4e2d\u6587\u4e2d\u6587\u4e2d\u6587\u4e2d\u6587\u4e2d\u6587\u4e2d\u6587\u4e2d\u6587\u4e2d\u6587\u4e2d\u6587\u4e2d\u6587\u4e2d\u6587\u4e2d\u6587\u4e2d\u6587\u4e2d\u6587\u4e2d\u6587\u4e2d\u6587\u4e2d\u6587\u4e2d\u6587\u4e2d\u6587\u4e2d\u6587\u4e2d\u6587\u4e2d\u6587\u4e2d\u6587\u4e2d\u6587\u4e2d\u6587\u4e2d\u6587\u4e2d\u6587\u4e2d\u6587\u4e2d\u6587\u4e2d\u6587\u4e2d\u6587\u4e2d\u6587\u4e2d\u6587\u4e2d\u6587\u4e2d\u6587\u4e2d\u6587\u4e2d\u6587\u4e2d\u6587\u4e2d\u6587\u4e2d\u6587\u4e2d\u6587\u4e2d\u6587\u4e2d\u6587\u4e2d\u6587\u4e2d\u6587\u4e2d\u6587\u4e2d\u6587\u4e2d\u6587\u4e2d\u6587\u4e2d\u6587\u4e2d\u6587\u4e2d\u6587\u4e2d\u6587\u4e2d\u6587\u4e2d\u6587\u4e2d\u6587\u4e2d\u6587\u4e2d\u6587\u4e2d\u6587\u4e2d\u6587\u4e2d\u6587\u4e2d\u6587\u4e2d\u6587\u4e2d\u6587\u4e2d\u6587\u4e2d\u6587\u4e2d\u6587\u4e2d\u6587\u4e2d\u6587\u4e2d\u6587\u4e2d\u6587\u4e2d\u6587\u4e2d\u6587\u4e2d\u6587\u4e2d\u6587\u4e2d\u6587\u4e2d\u6587\u4e2d\u6587\u4e2d\u6587\u4e2d\u6587\u4e2d\u6587\u4e2d\u6587\u4e2d\u6587\u4e2d\u6587\u4e2d\u6587\u4e2d\u6587\u4e2d\u6587\u4e2d\u6587\u4e2d\u6587\u4e2d\u6587\u4e2d\u6587\u4e2d\u6587\u4e2d\u6587\u4e2d\u6587\u4e2d\u6587\u4e2d\u6587\u4e2d\u6587\u4e2d\u6587\u4e2d\u6587\u4e2d\u6587\u4e2d\u6587\u4e2d\u6587\u4e2d\u6587\u4e2d\u6587\u4e2d\u6587\u4e2d\u6587\u4e2d\u6587\u4e2d\u6587\u4e2d\u6587\u4e2d\u6587\u4e2d\u6587\u4e2d\u6587\u4e2d\u6587\u4e2d\u6587\u4e2d\u6587\u4e2d\u6587\u4e2d\u6587\u4e2d\u6587\u4e2d\u6587\u4e2d\u6587\u4e2d\u6587\u4e2d\u6587\u4e2d\u6587\u4e2d\u6587\u4e2d\u6587\u4e2d\u6587\u4e2d\u6587\u4e2d\u6587\u4e2d\u6587\u4e2d\u6587\u4e2d\u6587\u4e2d\u6587\u4e2d\u6587\u4e2d\u6587\u4e2d\u6587\u4e2d\u6587\u4e2d\u6587\u4e2d\u6587\u4e2d\u6587\u4e2d\u6587\u4e2d\u6587\u4e2d\u6587\u4e2d\u6587\u4e2d\u6587\u4e2d\u6587\u4e2d\u6587\u4e2d\u6587\u4e2d\u6587\u4e2d\u6587\u4e2d\u6587\u4e2d\u6587\u4e2d\u6587\u4e2d\u6587\u4e2d\u6587\u4e2d\u6587\u4e2d\u6587\u4e2d\u6587\u4e2d\u6587\u4e2d\u6587\u4e2d\u6587\u4e2d\u6587\u4e2d\u6587\u4e2d\u6587\u4e2d\u6587\u4e2d\u6587\u4e2d\u6587\u4e2d\u6587\u4e2d\u6587\u4e2d\u6587\u4e2d\u6587\u4e2d\u6587\u4e2d\u6587\u4e2d\u6587\u4e2d\u6587\u4e2d\u6587\u4e2d\u6587\u4e2d\u6587\u4e2d\u6587\u4e2d\u6587\u4e2d\u6587\u4e2d\u6587\u4e2d\u6587\u4e2d\u6587\u4e2d\u6587\u4e2d\u6587\u4e2d\u6587\u4e2d\u6587\u4e2d\u6587\u4e2d\u6587\u4e2d\u6587\u4e2d\u6587\u4e2d\u6587\u4e2d\u6587\u4e2d\u6587\u4e2d\u6587\u4e2d\u6587\u4e2d\u6587\u4e2d\u6587\u4e2d\u6587\u4e2d\u6587\u4e2d\u6587\u4e2d\u6587\u4e2d\u6587\u4e2d\u6587\u4e2d\u6587\u4e2d\u6587\u4e2d\u6587\u4e2d\u6587\u4e2d\u6587\u4e2d\u6587\u4e2d\u6587\u4e2d\u6587\u4e2d\u6587\u4e2d\u6587\u4e2d\u6587\u4e2d\u6587\u4e2d\u6587\u4e2d\u6587\u4e2d\u6587\u4e2d\u6587\u4e2d\u6587\u4e2d\u6587\u4e2d\u6587\u4e2d\u6587\u4e2d\u6587\u4e2d\u6587\u4e2d\u6587\u4e2d\u6587\u4e2d\u6587\u4e2d\u6587\u4e2d\u6587\u4e2d\u6587\u4e2d\u6587\u4e2d\u6587\u4e2d\u6587\u4e2d\u6587\u4e2d\u6587\u4e2d\u6587\u4e2d\u6587\u4e2d\u6587\u4e2d\u6587\u4e2d\u6587\u4e2d\u6587\u4e2d\u6587\u4e2d\u6587\u4e2d\u6587\u4e2d\u6587\u4e2d\u6587\u4e2d\u6587\u4e2d\u6587\u4e2d\u6587\u4e2d\u6587\u4e2d\u6587\u4e2d\u6587\u4e2d\u6587\u4e2d\u6587\u4e2d\u6587\u4e2d\u6587\u4e2d\u6587\u4e2d\u6587\u4e2d\u6587\u4e2d\u6587\u4e2d\u6587\u4e2d\u6587\u4e2d\u6587\u4e2d\u6587\u4e2d\u6587\u4e2d\u6587\u4e2d\u6587\u4e2d\u6587\u4e2d\u6587\u4e2d\u6587\u4e2d\u6587\u4e2d\u6587\u4e2d\u6587\u4e2d\u6587\u4e2d\u6587\u4e2d\u6587\u4e2d\u6587\u4e2d\u6587\u4e2d\u6587\u4e2d\u6587\u4e2d\u6587\u4e2d\u6587\u4e2d\u6587\u4e2d\u6587\u4e2d\u6587\u4e2d\u6587\u4e2d\u6587\u4e2d\u6587\u4e2d\u6587\u4e2d\u6587\u4e2d\u6587\u4e2d\u6587\u4e2d\u6587\u4e2d\u6587\u4e2d\u6587\u4e2d\u6587\u4e2d\u6587\u4e2d\u6587\u4e2d\u6587\u4e2d\u6587\u4e2d\u6587\u4e2d\u6587\u4e2d\u6587\u4e2d\u6587\u4e2d\u6587\u4e2d\u6587\u4e2d\u6587\u4e2d\u6587\u4e2d\u6587\u4e2d\u6587\u4e2d\u6587\u4e2d\u6587\u4e2d\u6587\u4e2d\u6587\u4e2d\u6587\u4e2d\u6587\u4e2d\u6587\u4e2d\u6587\u4e2d\u6587\u4e2d\u6587\u4e2d\u6587\u4e2d\u6587\u4e2d\u6587\u4e2d\u6587\u4e2d\u6587\u4e2d\u6587\u4e2d\u6587\u4e2d\u6587\u4e2d\u6587\u4e2d\u6587\u4e2d\u6587\u4e2d\u6587\u4e2d\u6587\u4e2d\u6587\u4e2d\u6587\u4e2d\u6587\u4e2d\u6587\u4e2d\u6587\u4e2d\u6587\u4e2d\u6587\u4e2d\u6587\u4e2d\u6587\u4e2d\u6587\u4e2d\u6587\u4e2d\u6587\u4e2d\u6587\u4e2d\u6587\u4e2d\u6587\u4e2d\u6587\u4e2d\u6587\u4e2d\u6587\u4e2d\u6587\u4e2d\u6587\u4e2d\u6587\u4e2d\u6587\u4e2d\u6587\u4e2d\u6587\u4e2d\u6587\u4e2d\u6587\u4e2d\u6587\u4e2d\u6587\u4e2d\u6587\u4e2d\u6587\u4e2d\u6587\u4e2d\u6587\u4e2d\u6587\u4e2d\u6587\u4e2d\u6587\u4e2d\u6587\u4e2d\u6587\u4e2d\u6587\u4e2d\u6587\u4e2d\u6587\u4e2d\u6587\u4e2d\u6587\u4e2d\u6587\u4e2d\u6587\u4e2d\u6587\u4e2d\u6587\u4e2d\u6587\u4e2d\u6587\u4e2d\u6587\u4e2d\u6587\u4e2d\u6587\u4e2d\u6587\u4e2d\u6587\u4e2d\u6587\u4e2d\u6587\u4e2d\u6587\u4e2d\u6587\u4e2d\u6587\u4e2d\u6587\u4e2d\u6587\u4e2d\u6587\u4e2d\u6587\u4e2d\u6587\u4e2d\u6587\u4e2d\u6587\u4e2d\u6587\u4e2d\u6587\u4e2d\u6587\u4e2d\u6587\u4e2d\u6587\u4e2d\u6587\u4e2d\u6587\u4e2d\u6587\u4e2d\u6587\u4e2d\u6587\u4e2d\u6587\u4e2d\u6587\u4e2d\u6587\u4e2d\u6587\u4e2d\u6587\u4e2d\u6587\u4e2d\u6587\u4e2d\u6587\u4e2d\u6587\u4e2d\u6587\u4e2d\u6587\u4e2d\u6587\u4e2d\u6587\u4e2d\u6587\u4e2d\u6587\u4e2d\u6587\u4e2d\u6587\u4e2d\u6587\u4e2d\u6587\u4e2d\u6587\u4e2d\u6587\u4e2d\u6587\u4e2d\u6587\u4e2d\u6587\u4e2d\u6587\u4e2d\u6587\u4e2d\u6587\u4e2d\u6587\u4e2d\u6587\u4e2d\u6587\u4e2d\u6587\u4e2d\u6587\u4e2d\u6587\u4e2d\u6587\u4e2d\u6587\u4e2d\u6587\u4e2d\u6587\u4e2d\u6587\u4e2d\u6587\u4e2d\u6587\u4e2d\u6587\u4e2d\u6587\u4e2d\u6587\u4e2d\u6587\u4e2d\u6587\u4e2d\u6587\u4e2d\u6587\u4e2d\u6587\u4e2d\u6587\u4e2d\u6587\u4e2d\u6587\u4e2d\u6587\u4e2d\u6587\u4e2d\u6587\u4e2d\u6587\u4e2d\u6587\u4e2d\u6587\u4e2d\u6587\u4e2d\u6587\u4e2d\u6587\u4e2d\u6587\u4e2d\u6587\u4e2d\u6587\u4e2d\u6587\u4e2d\u6587\u4e2d\u6587\u4e2d\u6587\u4e2d\u6587\u4e2d\u6587\u4e2d\u6587\u4e2d\u6587\u4e2d\u6587\u4e2d\u6587\u4e2d\u6587\u4e2d\u6587\u4e2d\u6587\u4e2d\u6587\u4e2d\u6587\u4e2d\u6587\u4e2d\u6587\u4e2d\u6587\u4e2d\u6587\u4e2d\u6587\u4e2d\u6587\u4e2d\u6587\u4e2d\u6587\u4e2d\u6587\u4e2d\u6587\u4e2d\u6587\u4e2d\u6587\u4e2d\u6587\u4e2d\u6587\u4e2d\u6587\u4e2d\u6587\u4e2d\u6587\u4e2d\u6587\u4e2d\u6587\u4e2d\u6587\u4e2d\u6587\u4e2d\u6587\u4e2d\u6587\u4e2d\u6587\u4e2d\u6587\u4e2d\u6587\u4e2d\u6587\u4e2d\u6587\u4e2d\u6587\u4e2d\u6587\u4e2d\u6587\u4e2d\u6587\u4e2d\u6587\u4e2d\u6587\u4e2d\u6587\u4e2d\u6587\u4e2d\u6587\u4e2d\u6587\u4e2d\u6587\u4e2d\u6587\u4e2d\u6587\u4e2d\u6587\u4e2d\u6587\u4e2d\u6587\u4e2d\u6587\u4e2d\u6587\u4e2d\u6587\u4e2d\u6587\u4e2d\u6587\u4e2d\u6587\u4e2d\u6587\u4e2d\u6587\u4e2d\u6587\u4e2d\u6587\u4e2d\u6587\u4e2d\u6587\u4e2d\u6587\u4e2d\u6587\u4e2d\u6587\u4e2d\u6587\u4e2d\u6587\u4e2d\u6587\u4e2d\u6587\u4e2d\u6587\u4e2d\u6587\u4e2d\u6587\u4e2d\u6587\u4e2d\u6587\u4e2d\u6587\u4e2d\u6587\u4e2d\u6587\u4e2d\u6587\u4e2d\u6587\u4e2d\u6587\u4e2d\u6587\u4e2d\u6587\u4e2d\u6587\u4e2d\u6587\u4e2d\u6587\u4e2d\u6587\u4e2d\u6587\u4e2d\u6587\u4e2d\u6587\u4e2d\u6587\u4e2d\u6587\u4e2d\u6587\u4e2d\u6587\u4e2d\u6587\u4e2d\u6587\u4e2d\u6587\u4e2d\u6587\u4e2d\u6587\u4e2d\u6587\u4e2d\u6587\u4e2d\u6587\u4e2d\u6587\u4e2d\u6587\u4e2d\u6587\u4e2d\u6587\u4e2d\u6587\u4e2d\u6587\u4e2d\u6587\u4e2d\u6587\u4e2d\u6587\u4e2d\u6587\u4e2d\u6587\u4e2d\u6587\u4e2d\u6587\u4e2d\u6587\u4e2d\u6587\u4e2d\u6587\u4e2d\u6587\u4e2d\u6587\u4e2d\u6587\u4e2d\u6587\u4e2d\u6587\u4e2d\u6587\u4e2d\u6587\u4e2d\u6587\u4e2d\u6587\u4e2d\u6587\u4e2d\u6587\u4e2d\u6587\u4e2d\u6587\u4e2d\u6587\u4e2d\u6587\u4e2d\u6587\u4e2d\u6587\u4e2d\u6587\u4e2d\u6587\u4e2d\u6587\u4e2d\u6587\u4e2d\u6587\u4e2d\u6587\u4e2d\u6587\u4e2d\u6587\u4e2d\u6587\u4e2d\u6587\u4e2d\u6587\u4e2d\u6587\u4e2d\u6587\u4e2d\u6587\u4e2d\u6587\u4e2d\u6587\u4e2d\u6587\u4e2d\u6587\u4e2d\u6587\u4e2d\u6587\u4e2d\u6587\u4e2d\u6587\u4e2d\u6587\u4e2d\u6587\u4e2d\u6587\u4e2d\u6587\u4e2d\u6587\u4e2d\u6587\u4e2d\u6587\u4e2d\u6587\u4e2d\u6587\u4e2d\u6587\u4e2d\u6587\u4e2d\u6587\u4e2d\u6587\u4e2d\u6587\u4e2d\u6587\u4e2d\u6587\u4e2d\u6587\u4e2d\u6587\u4e2d\u6587\u4e2d\u6587\u4e2d\u6587\u4e2d\u6587\u4e2d\u6587\u4e2d\u6587\u4e2d\u6587\u4e2d\u6587\u4e2d\u6587\u4e2d\u6587\u4e2d\u6587\u4e2d\u6587\u4e2d\u6587\u4e2d\u6587\u4e2d\u6587\u4e2d\u6587\u4e2d\u6587\u4e2d\u6587\u4e2d\u6587\u4e2d\u6587\u4e2d\u6587\u4e2d\u6587\u4e2d\u6587\u4e2d\u6587\u4e2d\u6587\u4e2d\u6587\u4e2d\u6587\u4e2d\u6587\u4e2d\u6587\u4e2d\u6587\u4e2d\u6587\u4e2d\u6587\u4e2d\u6587\u4e2d\u6587\u4e2d\u6587\u4e2d\u6587\u4e2d\u6587\u4e2d\u6587\u4e2d\u6587\u4e2d\u6587\u4e2d\u6587\u4e2d\u6587\u4e2d\u6587\u4e2d\u6587\u4e2d\u6587\u4e2d\u6587\u4e2d\u6587\u4e2d\u6587\u4e2d\u6587\u4e2d\u6587\u4e2d\u6587\u4e2d\u6587\u4e2d\u6587\u4e2d\u6587\u4e2d\u6587\u4e2d\u6587\u4e2d\u6587\u4e2d\u6587\u4e2d\u6587\u4e2d\u6587\u4e2d\u6587\u4e2d\u6587\u4e2d\u6587\u4e2d\u6587\u4e2d\u6587\u4e2d\u6587\u4e2d\u6587\u4e2d\u6587\u4e2d\u6587\u4e2d\u6587\u4e2d\u6587\u4e2d\u6587\u4e2d\u6587\u4e2d\u6587\u4e2d\u6587\u4e2d\u6587\u4e2d\u6587\u4e2d\u6587\u4e2d\u6587\u4e2d\u6587\u4e2d\u6587\u4e2d\u6587\u4e2d\u6587\u4e2d\u6587\u4e2d\u6587\u4e2d\u6587\u4e2d\u6587\u4e2d\u6587\u4e2d\u6587\u4e2d\u6587\u4e2d\u6587\u4e2d\u6587\u4e2d\u6587\u4e2d\u6587\u4e2d\u6587\u4e2d\u6587\u4e2d\u6587\u4e2d\u6587\u4e2d\u6587\u4e2d\u6587\u4e2d\u6587\u4e2d\u6587\u4e2d\u6587\u4e2d\u6587\u4e2d\u6587\u4e2d\u6587\u4e2d\u6587\u4e2d\u6587\u4e2d\u6587\u4e2d\u6587\u4e2d\u6587\u4e2d\u6587\u4e2d\u6587\u4e2d\u6587\u4e2d\u6587\u4e2d\u6587\u4e2d\u6587\u4e2d\u6587\u4e2d\u6587\u4e2d\u6587\u4e2d\u6587\u4e2d\u6587\u4e2d\u6587\u4e2d\u6587\u4e2d\u6587\u4e2d\u6587\u4e2d\u6587\u4e2d\u6587\u4e2d\u6587\u4e2d\u6587\u4e2d\u6587\u4e2d\u6587\u4e2d\u6587\u4e2d\u6587\u4e2d\u6587\u4e2d\u6587\u4e2d\u6587\u4e2d\u6587\u4e2d\u6587\u4e2d\u6587\u4e2d\u6587\u4e2d\u6587\u4e2d\u6587\u4e2d\u6587\u4e2d\u6587\u4e2d\u6587\u4e2d\u6587\u4e2d\u6587\u4e2d\u6587\u4e2d\u6587\u4e2d\u6587\u4e2d\u6587\u4e2d\u6587\u4e2d\u6587\u4e2d\u6587\u4e2d\u6587\u4e2d\u6587\u4e2d\u6587\u4e2d\u6587\u4e2d\u6587\u4e2d\u6587\u4e2d\u6587\u4e2d\u6587\u4e2d\u6587\u4e2d\u6587\u4e2d\u6587\u4e2d\u6587\u4e2d\u6587\u4e2d\u6587\u4e2d\u6587\u4e2d\u6587\u4e2d\u6587\u4e2d\u6587\u4e2d\u6587\u4e2d\u6587\u4e2d\u6587\u4e2d\u6587\u4e2d\u6587\u4e2d\u6587\u4e2d\u6587\u4e2d\u6587\u4e2d\u6587\u4e2d\u6587\u4e2d\u6587\u4e2d\u6587\u4e2d\u6587\u4e2d\u6587\u4e2d\u6587\u4e2d\u6587\u4e2d\u6587\u4e2d\u6587\u4e2d\u6587\u4e2d\u6587", "author": 1, "created_time": "2018-07-20T08:27:09.149Z", "last_updated_time": "2018-07-20T13:09:42.993Z"}}, {"model": "blog.blog", "pk": 7, "fields": {"title": "\u82f1\u6587\u7248\u957f\u535a\u5ba2", "blog_type": 2, "content": "aspire aspire aspire aspire aspire aspire aspire aspire aspire aspire aspire aspire aspire aspire aspire aspire aspire aspire aspire aspire aspire aspire aspire aspire aspire aspire aspire aspire aspire aspire aspire aspire aspire aspire aspire aspire aspire aspire aspire aspire aspire aspire aspire aspire aspire aspire aspire aspire aspire aspire aspire aspire aspire aspire aspire aspire aspire aspire aspire aspire aspire aspire aspire aspire aspire aspire aspire aspire aspire aspire aspire aspire aspire aspire aspire aspire aspire aspire aspire aspire aspire aspire aspire aspire aspire aspire aspire aspire aspire aspire aspire aspire aspire aspire aspire aspire aspire aspire aspire aspire aspire aspire aspire aspire aspire aspire aspire aspire aspire aspire aspire aspire aspire aspire aspire aspire aspire aspire aspire aspire aspire aspire aspire aspire aspire aspire aspire aspire aspire aspire aspire aspire aspire aspire aspire aspire aspire aspire aspire aspire aspire aspire aspire aspire aspire aspire aspire aspire aspire aspire aspire aspire aspire aspire aspire aspire aspire aspire aspire aspire aspire", "author": 1, "created_time": "2018-07-20T08:34:47.530Z", "last_updated_time": "2018-07-20T08:34:47.530Z"}}, {"model": "blog.blog", "pk": 8, "fields": {"title": "shell\u4e0b\u7b2c\u4e00\u7bc7", "blog_type": 1, "content": "******", "author": 1, "created_time": "2018-07-20T13:21:35.420Z", "last_updated_time": "2018-07-20T13:21:35.420Z"}}, {"model": "blog.blog", "pk": 9, "fields": {"title": "for 1", "blog_type": 1, "content": "****:1", "author": 1, "created_time": "2018-07-20T13:50:59.182Z", "last_updated_time": "2018-07-20T13:50:59.182Z"}}, {"model": "blog.blog", "pk": 10, "fields": {"title": "for 2", "blog_type": 1, "content": "****:2", "author": 1, "created_time": "2018-07-20T13:50:59.351Z", "last_updated_time": "2018-07-20T13:50:59.351Z"}}, {"model": "blog.blog", "pk": 11, "fields": {"title": "for 3", "blog_type": 1, "content": "****:3", "author": 1, "created_time": "2018-07-20T13:50:59.445Z", "last_updated_time": "2018-07-20T13:50:59.445Z"}}, {"model": "blog.blog", "pk": 12, "fields": {"title": "for 4", "blog_type": 1, "content": "****:4", "author": 1, "created_time": "2018-07-20T13:50:59.522Z", "last_updated_time": "2018-07-20T13:50:59.522Z"}}, {"model": "blog.blog", "pk": 13, "fields": {"title": "for 5", "blog_type": 1, "content": "****:5", "author": 1, "created_time": "2018-07-20T13:50:59.621Z", "last_updated_time": "2018-07-20T13:50:59.621Z"}}, {"model": "blog.blog", "pk": 14, "fields": {"title": "for 6", "blog_type": 1, "content": "****:6", "author": 1, "created_time": "2018-07-20T13:50:59.710Z", "last_updated_time": "2018-07-20T13:50:59.710Z"}}, {"model": "blog.blog", "pk": 15, "fields": {"title": "for 7", "blog_type": 1, "content": "****:7", "author": 1, "created_time": "2018-07-20T13:50:59.794Z", "last_updated_time": "2018-07-20T13:50:59.794Z"}}, {"model": "blog.blog", "pk": 16, "fields": {"title": "for 8", "blog_type": 1, "content": "****:8", "author": 1, "created_time": "2018-07-20T13:50:59.910Z", "last_updated_time": "2018-07-20T13:50:59.910Z"}}, {"model": "blog.blog", "pk": 17, "fields": {"title": "for 9", "blog_type": 1, "content": "****:9", "author": 1, "created_time": "2018-07-20T13:51:00.020Z", "last_updated_time": "2018-07-20T13:51:00.020Z"}}, {"model": "blog.blog", "pk": 18, "fields": {"title": "for 10", "blog_type": 1, "content": "****:10", "author": 1, "created_time": "2018-07-20T13:51:00.119Z", "last_updated_time": "2018-07-20T13:51:00.119Z"}}, {"model": "blog.blog", "pk": 19, "fields": {"title": "for 11", "blog_type": 1, "content": "****:11", "author": 1, "created_time": "2018-07-20T13:51:00.220Z", "last_updated_time": "2018-07-20T13:51:00.220Z"}}, {"model": "blog.blog", "pk": 20, "fields": {"title": "for 12", "blog_type": 1, "content": "****:12", "author": 1, "created_time": "2018-07-20T13:51:00.318Z", "last_updated_time": "2018-07-20T13:51:00.319Z"}}, {"model": "blog.blog", "pk": 21, "fields": {"title": "for 13", "blog_type": 1, "content": "****:13", "author": 1, "created_time": "2018-07-20T13:51:00.414Z", "last_updated_time": "2018-07-20T13:51:00.414Z"}}, {"model": "blog.blog", "pk": 22, "fields": {"title": "for 14", "blog_type": 1, "content": "****:14", "author": 1, "created_time": "2018-07-20T13:51:00.497Z", "last_updated_time": "2018-07-20T13:51:00.497Z"}}, {"model": "blog.blog", "pk": 23, "fields": {"title": "for 15", "blog_type": 1, "content": "****:15", "author": 1, "created_time": "2018-07-20T13:51:00.597Z", "last_updated_time": "2018-07-20T13:51:00.597Z"}}, {"model": "blog.blog", "pk": 24, "fields": {"title": "for 16", "blog_type": 1, "content": "****:16", "author": 1, "created_time": "2018-07-20T13:51:00.696Z", "last_updated_time": "2018-07-20T13:51:00.696Z"}}, {"model": "blog.blog", "pk": 25, "fields": {"title": "for 17", "blog_type": 1, "content": "****:17", "author": 1, "created_time": "2018-07-20T13:51:00.795Z", "last_updated_time": "2018-07-20T13:51:00.795Z"}}, {"model": "blog.blog", "pk": 26, "fields": {"title": "for 18", "blog_type": 1, "content": "****:18", "author": 1, "created_time": "2018-07-20T13:51:00.883Z", "last_updated_time": "2018-07-20T13:51:00.883Z"}}, {"model": "blog.blog", "pk": 27, "fields": {"title": "for 19", "blog_type": 1, "content": "****:19", "author": 1, "created_time": "2018-07-20T13:51:00.972Z", "last_updated_time": "2018-07-20T13:51:00.972Z"}}, {"model": "blog.blog", "pk": 28, "fields": {"title": "for 20", "blog_type": 1, "content": "****:20", "author": 1, "created_time": "2018-07-20T13:51:01.071Z", "last_updated_time": "2018-07-20T13:51:01.071Z"}}, {"model": "blog.blog", "pk": 29, "fields": {"title": "for 21", "blog_type": 1, "content": "****:21", "author": 1, "created_time": "2018-07-20T13:51:01.161Z", "last_updated_time": "2018-07-20T13:51:01.161Z"}}, {"model": "blog.blog", "pk": 30, "fields": {"title": "for 22", "blog_type": 1, "content": "****:22", "author": 1, "created_time": "2018-07-20T13:51:01.261Z", "last_updated_time": "2018-07-20T13:51:01.261Z"}}, {"model": "blog.blog", "pk": 31, "fields": {"title": "for 23", "blog_type": 1, "content": "****:23", "author": 1, "created_time": "2018-07-20T13:51:01.359Z", "last_updated_time": "2018-07-20T13:51:01.359Z"}}, {"model": "blog.blog", "pk": 32, "fields": {"title": "for 24", "blog_type": 1, "content": "****:24", "author": 1, "created_time": "2018-07-20T13:51:01.459Z", "last_updated_time": "2018-07-20T13:51:01.459Z"}}, {"model": "blog.blog", "pk": 33, "fields": {"title": "for 25", "blog_type": 1, "content": "****:25", "author": 1, "created_time": "2018-07-20T13:51:01.548Z", "last_updated_time": "2018-07-20T13:51:01.548Z"}}, {"model": "blog.blog", "pk": 34, "fields": {"title": "for 26", "blog_type": 1, "content": "****:26", "author": 1, "created_time": "2018-07-20T13:51:01.637Z", "last_updated_time": "2018-07-20T13:51:01.637Z"}}, {"model": "blog.blog", "pk": 35, "fields": {"title": "for 27", "blog_type": 1, "content": "****:27", "author": 1, "created_time": "2018-07-20T13:51:01.725Z", "last_updated_time": "2018-07-20T13:51:01.725Z"}}, {"model": "blog.blog", "pk": 36, "fields": {"title": "for 28", "blog_type": 1, "content": "****:28", "author": 1, "created_time": "2018-07-20T13:51:01.814Z", "last_updated_time": "2018-07-20T13:51:01.814Z"}}, {"model": "blog.blog", "pk": 37, "fields": {"title": "for 29", "blog_type": 1, "content": "****:29", "author": 1, "created_time": "2018-07-20T13:51:01.902Z", "last_updated_time": "2018-07-21T09:03:14.617Z"}}, {"model": "blog.blog", "pk": 38, "fields": {"title": "for 30", "blog_type": 1, "content": "****:30", "author": 1, "created_time": "2018-07-20T13:51:02.002Z", "last_updated_time": "2018-07-21T09:04:06.720Z"}}, {"model": "comment.comment", "pk": 1, "fields": {"content_type": 7, "object_id": 3, "text": "jiaqian", "comment_time": "2018-07-22T07:49:06.101Z", "user": 1, "root": null, "parent": null, "reply_to": null}}, {"model": "comment.comment", "pk": 3, "fields": {"content_type": 7, "object_id": 3, "text": "jiaqian", "comment_time": "2018-07-22T08:15:02.588Z", "user": 1, "root": null, "parent": null, "reply_to": null}}, {"model": "comment.comment", "pk": 4, "fields": {"content_type": 7, "object_id": 38, "text": "for 30 id is 38", "comment_time": "2018-07-22T08:19:01.001Z", "user": 1, "root": null, "parent": null, "reply_to": null}}, {"model": "comment.comment", "pk": 5, "fields": {"content_type": 7, "object_id": 38, "text": "\u8bd5\u8bd5\u8fd9\u4e2a", "comment_time": "2018-07-22T08:19:12.502Z", "user": 1, "root": null, "parent": null, "reply_to": null}}, {"model": "comment.comment", "pk": 6, "fields": {"content_type": 7, "object_id": 38, "text": "always like this", "comment_time": "2018-07-22T09:10:37.293Z", "user": 1, "root": null, "parent": null, "reply_to": null}}, {"model": "comment.comment", "pk": 7, "fields": {"content_type": 7, "object_id": 3, "text": "\u8d3e\u5029\u8d3e\u5029\u4f60\u6700\u7f8e", "comment_time": "2018-07-22T09:23:12.068Z", "user": 1, "root": null, "parent": null, "reply_to": null}}, {"model": "comment.comment", "pk": 8, "fields": {"content_type": 7, "object_id": 38, "text": "1233", "comment_time": "2018-07-23T00:44:07.413Z", "user": 1, "root": null, "parent": null, "reply_to": null}}, {"model": "comment.comment", "pk": 9, "fields": {"content_type": 7, "object_id": 38, "text": "aaa", "comment_time": "2018-07-23T00:56:13.870Z", "user": 1, "root": null, "parent": null, "reply_to": null}}, {"model": "comment.comment", "pk": 10, "fields": {"content_type": 7, "object_id": 36, "text": "is ok", "comment_time": "2018-07-23T01:46:35.173Z", "user": 1, "root": null, "parent": null, "reply_to": null}}, {"model": "comment.comment", "pk": 11, "fields": {"content_type": 7, "object_id": 36, "text": "is ok", "comment_time": "2018-07-23T01:48:19.173Z", "user": 1, "root": null, "parent": null, "reply_to": null}}, {"model": "comment.comment", "pk": 12, "fields": {"content_type": 7, "object_id": 36, "text": "yes   is ko", "comment_time": "2018-07-23T01:48:39.985Z", "user": 1, "root": null, "parent": null, "reply_to": null}}, {"model": "comment.comment", "pk": 13, "fields": {"content_type": 7, "object_id": 36, "text": "<p><img alt=\"yes\" height=\"23\" src=\"http://localhost:8000/static/ckeditor/ckeditor/plugins/smiley/images/thumbs_up.png\" title=\"yes\" width=\"23\" /></p>", "comment_time": "2018-07-23T02:25:17.205Z", "user": 1, "root": null, "parent": null, "reply_to": null}}, {"model": "comment.comment", "pk": 14, "fields": {"content_type": 7, "object_id": 36, "text": "<p>578</p>", "comment_time": "2018-07-23T02:25:57.728Z", "user": 1, "root": null, "parent": null, "reply_to": null}}, {"model": "comment.comment", "pk": 15, "fields": {"content_type": 7, "object_id": 36, "text": "<p>xxx</p>", "comment_time": "2018-07-23T02:54:26.677Z", "user": 1, "root": null, "parent": null, "reply_to": null}}, {"model": "comment.comment", "pk": 16, "fields": {"content_type": 7, "object_id": 36, "text": "<p>789</p>", "comment_time": "2018-07-23T02:58:25.061Z", "user": 1, "root": null, "parent": null, "reply_to": null}}, {"model": "comment.comment", "pk": 17, "fields": {"content_type": 7, "object_id": 36, "text": "<p>lalala</p>", "comment_time": "2018-07-23T03:07:04.865Z", "user": 1, "root": null, "parent": null, "reply_to": null}}, {"model": "comment.comment", "pk": 18, "fields": {"content_type": 7, "object_id": 36, "text": "<p>lalala</p>", "comment_time": "2018-07-23T03:07:14.813Z", "user": 1, "root": null, "parent": null, "reply_to": null}}, {"model": "comment.comment", "pk": 19, "fields": {"content_type": 7, "object_id": 36, "text": "<p>l</p>", "comment_time": "2018-07-23T03:07:37.061Z", "user": 1, "root": null, "parent": null, "reply_to": null}}, {"model": "comment.comment", "pk": 20, "fields": {"content_type": 7, "object_id": 36, "text": "<p>fff</p>", "comment_time": "2018-07-23T03:08:33.653Z", "user": 1, "root": null, "parent": null, "reply_to": null}}, {"model": "comment.comment", "pk": 21, "fields": {"content_type": 7, "object_id": 36, "text": "<p>ffffff</p>", "comment_time": "2018-07-23T03:08:36.720Z", "user": 1, "root": null, "parent": null, "reply_to": null}}, {"model": "comment.comment", "pk": 22, "fields": {"content_type": 7, "object_id": 36, "text": "<p>fff</p>", "comment_time": "2018-07-23T03:13:07.020Z", "user": 1, "root": null, "parent": null, "reply_to": null}}, {"model": "comment.comment", "pk": 23, "fields": {"content_type": 7, "object_id": 36, "text": "<p>fff</p>", "comment_time": "2018-07-23T03:13:10.582Z", "user": 1, "root": null, "parent": null, "reply_to": null}}, {"model": "comment.comment", "pk": 24, "fields": {"content_type": 7, "object_id": 36, "text": "<p>fff</p>", "comment_time": "2018-07-23T03:13:23.400Z", "user": 1, "root": null, "parent": null, "reply_to": null}}, {"model": "comment.comment", "pk": 25, "fields": {"content_type": 7, "object_id": 36, "text": "<p>fff</p>", "comment_time": "2018-07-23T03:13:43.113Z", "user": 1, "root": null, "parent": null, "reply_to": null}}, {"model": "comment.comment", "pk": 26, "fields": {"content_type": 7, "object_id": 36, "text": "<p>fff</p>", "comment_time": "2018-07-23T03:15:29.175Z", "user": 1, "root": null, "parent": null, "reply_to": null}}, {"model": "comment.comment", "pk": 27, "fields": {"content_type": 7, "object_id": 36, "text": "<p>ddd</p>", "comment_time": "2018-07-23T03:18:20.666Z", "user": 1, "root": null, "parent": null, "reply_to": null}}, {"model": "comment.comment", "pk": 28, "fields": {"content_type": 7, "object_id": 36, "text": "<p>ddd</p>", "comment_time": "2018-07-23T03:19:19.848Z", "user": 1, "root": null, "parent": null, "reply_to": null}}, {"model": "comment.comment", "pk": 29, "fields": {"content_type": 7, "object_id": 36, "text": "<p>ddd</p>", "comment_time": "2018-07-23T03:21:10.008Z", "user": 1, "root": null, "parent": null, "reply_to": null}}, {"model": "comment.comment", "pk": 30, "fields": {"content_type": 7, "object_id": 36, "text": "<p>ddddddd</p>", "comment_time": "2018-07-23T03:21:54.489Z", "user": 1, "root": null, "parent": null, "reply_to": null}}, {"model": "comment.comment", "pk": 31, "fields": {"content_type": 7, "object_id": 36, "text": "<p>s</p>", "comment_time": "2018-07-23T03:29:31.567Z", "user": 1, "root": null, "parent": null, "reply_to": null}}, {"model": "comment.comment", "pk": 32, "fields": {"content_type": 7, "object_id": 36, "text": "<p><img alt=\"sad\" height=\"23\" src=\"http://localhost:8000/static/ckeditor/ckeditor/plugins/smiley/images/sad_smile.png\" title=\"sad\" width=\"23\" /></p>", "comment_time": "2018-07-23T03:37:53.776Z", "user": 1, "root": null, "parent": null, "reply_to": null}}, {"model": "comment.comment", "pk": 33, "fields": {"content_type": 7, "object_id": 36, "text": "<p>ooo</p>", "comment_time": "2018-07-23T06:11:13.476Z", "user": 1, "root": null, "parent": null, "reply_to": null}}, {"model": "comment.comment", "pk": 34, "fields": {"content_type": 7, "object_id": 36, "text": "<p>duide</p>", "comment_time": "2018-07-23T06:11:24.474Z", "user": 1, "root": null, "parent": null, "reply_to": null}}, {"model": "comment.comment", "pk": 36, "fields": {"content_type": 7, "object_id": 38, "text": "<p>123123</p>", "comment_time": "2018-07-23T07:14:31.141Z", "user": 2, "root": 37, "parent": 36, "reply_to": 1}}, {"model": "comment.comment", "pk": 37, "fields": {"content_type": 7, "object_id": 38, "text": "<p>123</p>", "comment_time": "2018-07-23T07:15:53.719Z", "user": 1, "root": null, "parent": null, "reply_to": null}}, {"model": "comment.comment", "pk": 38, "fields": {"content_type": 7, "object_id": 36, "text": "<p>1324<img alt=\"laugh\" height=\"23\" src=\"http://localhost:8000/static/ckeditor/ckeditor/plugins/smiley/images/teeth_smile.png\" title=\"laugh\" width=\"23\" /></p>", "comment_time": "2018-07-23T08:41:18.457Z", "user": 1, "root": null, "parent": 32, "reply_to": 1}}, {"model": "comment.comment", "pk": 39, "fields": {"content_type": 7, "object_id": 36, "text": "<p>dddddddd</p>", "comment_time": "2018-07-23T08:41:42.330Z", "user": 1, "root": null, "parent": 32, "reply_to": 1}}, {"model": "comment.comment", "pk": 41, "fields": {"content_type": 7, "object_id": 36, "text": "<p><img alt=\"sad\" height=\"23\" src=\"http://localhost:8000/static/ckeditor/ckeditor/plugins/smiley/images/sad_smile.png\" title=\"sad\" width=\"23\" /></p>", "comment_time": "2018-07-23T08:44:33.929Z", "user": 1, "root": 32, "parent": 32, "reply_to": 1}}, {"model": "comment.comment", "pk": 42, "fields": {"content_type": 7, "object_id": 36, "text": "<p>\u4e0d\u662fjiatongxue\u554a</p>", "comment_time": "2018-07-23T08:45:51.960Z", "user": 1, "root": null, "parent": null, "reply_to": null}}, {"model": "comment.comment", "pk": 43, "fields": {"content_type": 7, "object_id": 3, "text": "<p>\u662f\u7684\u662f\u7684\u6211\u6700\u7f8e</p>", "comment_time": "2018-07-23T08:47:25.450Z", "user": 2, "root": 7, "parent": 7, "reply_to": 1}}, {"model": "comment.comment", "pk": 44, "fields": {"content_type": 7, "object_id": 38, "text": "<p>\u4e0d\u9519</p>", "comment_time": "2018-07-23T09:27:24.786Z", "user": 2, "root": 37, "parent": 37, "reply_to": 1}}, {"model": "comment.comment", "pk": 45, "fields": {"content_type": 7, "object_id": 38, "text": "<p>\u91cd\u65b0</p>", "comment_time": "2018-07-23T09:30:30.288Z", "user": 2, "root": 37, "parent": 37, "reply_to": 1}}, {"model": "comment.comment", "pk": 46, "fields": {"content_type": 7, "object_id": 38, "text": "<p>keyi&nbsp;</p>", "comment_time": "2018-07-23T10:18:15.468Z", "user": 1, "root": 37, "parent": 36, "reply_to": 2}}, {"model": "comment.comment", "pk": 50, "fields": {"content_type": 7, "object_id": 38, "text": "<p>\u6258\u5927</p>", "comment_time": "2018-07-23T12:30:25.899Z", "user": 2, "root": null, "parent": null, "reply_to": null}}, {"model": "comment.comment", "pk": 51, "fields": {"content_type": 7, "object_id": 38, "text": "<p>1233</p>", "comment_time": "2018-07-23T12:48:55.070Z", "user": 1, "root": null, "parent": null, "reply_to": null}}, {"model": "comment.comment", "pk": 52, "fields": {"content_type": 7, "object_id": 37, "text": "<p>123123123132</p>", "comment_time": "2018-07-23T13:00:41.256Z", "user": 1, "root": null, "parent": null, "reply_to": null}}, {"model": "comment.comment", "pk": 53, "fields": {"content_type": 7, "object_id": 37, "text": "<p>\u590f\u866b\u4e0d\u53ef\u8a00\u51b0\uff0c\u87ea\u86c4\u4e0d\u77e5\u6625\u79cb\uff01</p>", "comment_time": "2018-07-23T13:02:58.514Z", "user": 1, "root": null, "parent": null, "reply_to": null}}, {"model": "comment.comment", "pk": 54, "fields": {"content_type": 7, "object_id": 37, "text": "<p>\u61c2\u5426\u61c2\u5426</p>", "comment_time": "2018-07-23T13:03:10.189Z", "user": 1, "root": 53, "parent": 53, "reply_to": 1}}, {"model": "comment.comment", "pk": 55, "fields": {"content_type": 7, "object_id": 37, "text": "<p>\u65e5\u671f\u65f6\u95f4\u4e0d\u5bf9\uff1f</p>", "comment_time": "2018-07-23T13:10:19.409Z", "user": 1, "root": null, "parent": null, "reply_to": null}}, {"model": "comment.comment", "pk": 56, "fields": {"content_type": 7, "object_id": 37, "text": "<p>7.23-21:26</p>", "comment_time": "2018-07-23T13:26:43.834Z", "user": 1, "root": 55, "parent": 55, "reply_to": 1}}, {"model": "comment.comment", "pk": 57, "fields": {"content_type": 7, "object_id": 37, "text": "<p>jiaqian</p>", "comment_time": "2018-07-23T13:27:55.030Z", "user": 1, "root": null, "parent": null, "reply_to": null}}, {"model": "comment.comment", "pk": 58, "fields": {"content_type": 7, "object_id": 37, "text": "<p>lezaiqizhong</p>", "comment_time": "2018-07-23T13:28:06.195Z", "user": 1, "root": 57, "parent": 57, "reply_to": 1}}, {"model": "comment.comment", "pk": 59, "fields": {"content_type": 7, "object_id": 37, "text": "<p>haishi jiaqian</p>", "comment_time": "2018-07-23T13:31:28.171Z", "user": 1, "root": null, "parent": null, "reply_to": null}}, {"model": "comment.comment", "pk": 60, "fields": {"content_type": 7, "object_id": 37, "text": "<p>zhehuishijianyeduile</p>", "comment_time": "2018-07-23T13:31:36.887Z", "user": 1, "root": 59, "parent": 59, "reply_to": 1}}, {"model": "comment.comment", "pk": 62, "fields": {"content_type": 7, "object_id": 38, "text": "<p>final</p>", "comment_time": "2018-07-24T06:52:18.995Z", "user": 2, "root": null, "parent": null, "reply_to": null}}, {"model": "comment.comment", "pk": 63, "fields": {"content_type": 7, "object_id": 38, "text": "<p>buxingde</p>", "comment_time": "2018-07-24T06:52:52.967Z", "user": 2, "root": 62, "parent": 62, "reply_to": 2}}, {"model": "comment.comment", "pk": 64, "fields": {"content_type": 7, "object_id": 37, "text": "<p>shide</p>", "comment_time": "2018-07-25T03:07:59.310Z", "user": 1, "root": 57, "parent": 58, "reply_to": 1}}, {"model": "comment.comment", "pk": 65, "fields": {"content_type": 7, "object_id": 37, "text": "<p>\u53d1\u9001\u90ae\u4ef6\u8bc4\u8bba\u6d4b\u8bd5</p>", "comment_time": "2018-07-25T13:52:45.894Z", "user": 1, "root": null, "parent": null, "reply_to": null}}, {"model": "comment.comment", "pk": 66, "fields": {"content_type": 7, "object_id": 37, "text": "<p>\u53d1\u9001\u90ae\u4ef6\u8bc4\u8bba\u6d4b\u8bd5</p>", "comment_time": "2018-07-25T13:52:48.422Z", "user": 1, "root": null, "parent": null, "reply_to": null}}, {"model": "comment.comment", "pk": 67, "fields": {"content_type": 7, "object_id": 37, "text": "<p>\u53d1\u9001\u90ae\u4ef6\u8bc4\u8bba\u6d4b\u8bd5</p>", "comment_time": "2018-07-25T13:52:48.614Z", "user": 1, "root": null, "parent": null, "reply_to": null}}, {"model": "comment.comment", "pk": 68, "fields": {"content_type": 7, "object_id": 37, "text": "<p>\u4e0d\u597d</p>", "comment_time": "2018-07-25T14:00:19.989Z", "user": 1, "root": null, "parent": null, "reply_to": null}}, {"model": "comment.comment", "pk": 69, "fields": {"content_type": 7, "object_id": 37, "text": "<p>\u4e0d\u597d</p>", "comment_time": "2018-07-25T14:00:21.955Z", "user": 1, "root": null, "parent": null, "reply_to": null}}, {"model": "comment.comment", "pk": 70, "fields": {"content_type": 7, "object_id": 37, "text": "<p>\uff1b\uff1b\uff1b</p>", "comment_time": "2018-07-25T14:00:46.651Z", "user": 1, "root": null, "parent": null, "reply_to": null}}, {"model": "comment.comment", "pk": 71, "fields": {"content_type": 7, "object_id": 37, "text": "<p>\u70e6\u70e6\u70e6\u65b9\u6cd5</p>", "comment_time": "2018-07-25T14:07:50.037Z", "user": 1, "root": null, "parent": null, "reply_to": null}}, {"model": "comment.comment", "pk": 72, "fields": {"content_type": 7, "object_id": 37, "text": "<p>\u591a\u7ebf\u7a0b\u53d1\u9001\u90ae\u4ef6\u901a\u77e5</p>", "comment_time": "2018-07-25T14:28:10.929Z", "user": 1, "root": null, "parent": null, "reply_to": null}}, {"model": "comment.comment", "pk": 73, "fields": {"content_type": 7, "object_id": 37, "text": "<p>html\u6807\u7b7e\u53d1\u9001\u90ae\u4ef6</p>", "comment_time": "2018-07-25T14:35:09.349Z", "user": 1, "root": null, "parent": null, "reply_to": null}}, {"model": "comment.comment", "pk": 74, "fields": {"content_type": 7, "object_id": 37, "text": "<p>html\u6807\u7b7e\u518d\u6b21\u53d1\u9001\u90ae\u4ef6</p>", "comment_time": "2018-07-25T14:35:59.069Z", "user": 1, "root": null, "parent": null, "reply_to": null}}, {"model": "comment.comment", "pk": 75, "fields": {"content_type": 7, "object_id": 37, "text": "<p>html\u6a21\u677f\u53d1\u9001 \u90ae\u4ef6</p>", "comment_time": "2018-07-25T14:45:20.121Z", "user": 1, "root": null, "parent": null, "reply_to": null}}, {"model": "comment.comment", "pk": 76, "fields": {"content_type": 7, "object_id": 37, "text": "<p>\u9ed1\u51e4\u68a8\u554a</p>", "comment_time": "2018-07-26T00:01:55.091Z", "user": 1, "root": null, "parent": null, "reply_to": null}}, {"model": "comment.comment", "pk": 77, "fields": {"content_type": 7, "object_id": 37, "text": "<p>uuuuuutf-88</p>", "comment_time": "2018-07-26T00:04:41.838Z", "user": 1, "root": null, "parent": null, "reply_to": null}}, {"model": "comment.comment", "pk": 78, "fields": {"content_type": 7, "object_id": 37, "text": "<p>localhost</p>", "comment_time": "2018-07-26T00:11:45.143Z", "user": 1, "root": null, "parent": null, "reply_to": null}}, {"model": "comment.comment", "pk": 79, "fields": {"content_type": 7, "object_id": 37, "text": "<p>zhendema</p>", "comment_time": "2018-07-26T00:12:58.379Z", "user": 1, "root": null, "parent": null, "reply_to": null}}, {"model": "comment.comment", "pk": 80, "fields": {"content_type": 7, "object_id": 37, "text": "<p>ok?</p>", "comment_time": "2018-07-26T00:14:33.041Z", "user": 1, "root": null, "parent": null, "reply_to": null}}, {"model": "comment.comment", "pk": 81, "fields": {"content_type": 7, "object_id": 37, "text": "<p>ok?</p>", "comment_time": "2018-07-26T00:14:36.782Z", "user": 1, "root": null, "parent": null, "reply_to": null}}, {"model": "comment.comment", "pk": 82, "fields": {"content_type": 7, "object_id": 37, "text": "<p>ok?</p>\r\n\r\n<p>&nbsp;</p>", "comment_time": "2018-07-26T00:15:46.659Z", "user": 1, "root": null, "parent": null, "reply_to": null}}, {"model": "likes.likerecord", "pk": 2, "fields": {"content_type": 7, "object_id": 38, "user": 1, "liked_time": "2018-07-24T02:06:17.423Z"}}, {"model": "likes.likerecord", "pk": 16, "fields": {"content_type": 7, "object_id": 36, "user": 1, "liked_time": "2018-07-24T03:11:50.802Z"}}, {"model": "likes.likerecord", "pk": 23, "fields": {"content_type": 12, "object_id": 24, "user": 2, "liked_time": "2018-07-24T04:51:57.699Z"}}, {"model": "likes.likerecord", "pk": 24, "fields": {"content_type": 12, "object_id": 7, "user": 2, "liked_time": "2018-07-24T04:52:33.541Z"}}, {"model": "likes.likerecord", "pk": 35, "fields": {"content_type": 12, "object_id": 51, "user": 1, "liked_time": "2018-07-24T08:32:30.224Z"}}, {"model": "likes.likerecord", "pk": 37, "fields": {"content_type": 12, "object_id": 62, "user": 1, "liked_time": "2018-07-24T08:39:26.974Z"}}, {"model": "likes.likerecord", "pk": 39, "fields": {"content_type": 12, "object_id": 7, "user": 1, "liked_time": "2018-07-24T09:12:49.349Z"}}, {"model": "likes.likerecord", "pk": 41, "fields": {"content_type": 12, "object_id": 3, "user": 1, "liked_time": "2018-07-24T09:13:27.260Z"}}, {"model": "likes.likerecord", "pk": 42, "fields": {"content_type": 12, "object_id": 1, "user": 1, "liked_time": "2018-07-24T09:13:29.398Z"}}, {"model": "likes.likerecord", "pk": 44, "fields": {"content_type": 12, "object_id": 63, "user": 2, "liked_time": "2018-07-24T13:22:00.919Z"}}, {"model": "likes.likerecord", "pk": 47, "fields": {"content_type": 12, "object_id": 43, "user": 1, "liked_time": "2018-07-25T03:07:02.829Z"}}, {"model": "likes.likerecord", "pk": 48, "fields": {"content_type": 12, "object_id": 7, "user": 3, "liked_time": "2018-07-26T00:19:48.839Z"}}, {"model": "likes.likerecord", "pk": 49, "fields": {"content_type": 12, "object_id": 43, "user": 3, "liked_time": "2018-07-26T00:19:49.970Z"}}, {"model": "likes.likerecord", "pk": 50, "fields": {"content_type": 7, "object_id": 3, "user": 3, "liked_time": "2018-07-26T00:21:59.406Z"}}, {"model": "user.profile", "pk": 1, "fields": {"user": 1, "nickname": "huachao"}}, {"model": "user.profile", "pk": 2, "fields": {"user": 2, "nickname": "jiaqianqian"}}, {"model": "admin.logentry", "pk": 1, "fields": {"action_time": "2018-07-19T13:55:25.849Z", "user": 1, "content_type": 8, "object_id": "1", "object_repr": "BlogType object (1)", "action_flag": 1, "change_message": "[{\"added\": {}}]"}}, {"model": "admin.logentry", "pk": 2, "fields": {"action_time": "2018-07-19T13:55:34.313Z", "user": 1, "content_type": 8, "object_id": "2", "object_repr": "BlogType object (2)", "action_flag": 1, "change_message": "[{\"added\": {}}]"}}, {"model": "admin.logentry", "pk": 3, "fields": {"action_time": "2018-07-19T13:55:39.906Z", "user": 1, "content_type": 8, "object_id": "3", "object_repr": "BlogType object (3)", "action_flag": 1, "change_message": "[{\"added\": {}}]"}}, {"model": "admin.logentry", "pk": 4, "fields": {"action_time": "2018-07-19T13:58:38.400Z", "user": 1, "content_type": 7, "object_id": "1", "object_repr": "<Blog:\u7b2c\u4e00\u7bc7\u535a\u5ba2>", "action_flag": 1, "change_message": "[{\"added\": {}}]"}}, {"model": "admin.logentry", "pk": 5, "fields": {"action_time": "2018-07-19T14:37:54.189Z", "user": 1, "content_type": 7, "object_id": "2", "object_repr": "<Blog:\u7b2c\u4e8c\u7bc7\u535a\u5ba2>", "action_flag": 1, "change_message": "[{\"added\": {}}]"}}, {"model": "admin.logentry", "pk": 6, "fields": {"action_time": "2018-07-19T14:38:53.663Z", "user": 1, "content_type": 7, "object_id": "2", "object_repr": "<Blog:\u7b2c\u4e8c\u7bc7\u535a\u5ba2>", "action_flag": 2, "change_message": "[{\"changed\": {\"fields\": [\"content\"]}}]"}}, {"model": "admin.logentry", "pk": 7, "fields": {"action_time": "2018-07-20T01:20:44.611Z", "user": 1, "content_type": 7, "object_id": "2", "object_repr": "<Blog:\u7b2c\u4e8c\u7bc7\u535a\u5ba2>", "action_flag": 3, "change_message": ""}}, {"model": "admin.logentry", "pk": 8, "fields": {"action_time": "2018-07-20T01:20:44.738Z", "user": 1, "content_type": 7, "object_id": "1", "object_repr": "<Blog:\u7b2c\u4e00\u7bc7\u535a\u5ba2>", "action_flag": 3, "change_message": ""}}, {"model": "admin.logentry", "pk": 9, "fields": {"action_time": "2018-07-20T01:25:30.009Z", "user": 1, "content_type": 7, "object_id": "3", "object_repr": "<Blog:\u957f\u5185\u5bb9\u7684\u535a\u5ba2>", "action_flag": 1, "change_message": "[{\"added\": {}}]"}}, {"model": "admin.logentry", "pk": 10, "fields": {"action_time": "2018-07-20T01:38:02.635Z", "user": 1, "content_type": 7, "object_id": "3", "object_repr": "<Blog:\u957f\u5185\u5bb9\u7684\u535a\u5ba2>", "action_flag": 2, "change_message": "[{\"changed\": {\"fields\": [\"content\"]}}]"}}, {"model": "admin.logentry", "pk": 11, "fields": {"action_time": "2018-07-20T02:05:31.453Z", "user": 1, "content_type": 7, "object_id": "4", "object_repr": "<Blog:\u968f\u7b1402>", "action_flag": 1, "change_message": "[{\"added\": {}}]"}}, {"model": "admin.logentry", "pk": 12, "fields": {"action_time": "2018-07-20T02:05:55.018Z", "user": 1, "content_type": 7, "object_id": "5", "object_repr": "<Blog:django01>", "action_flag": 1, "change_message": "[{\"added\": {}}]"}}, {"model": "admin.logentry", "pk": 13, "fields": {"action_time": "2018-07-20T06:49:33.065Z", "user": 1, "content_type": 7, "object_id": "3", "object_repr": "<Blog:\u957f\u5185\u5bb9\u7684\u535a\u5ba2>", "action_flag": 2, "change_message": "[{\"changed\": {\"fields\": [\"content\"]}}]"}}, {"model": "admin.logentry", "pk": 14, "fields": {"action_time": "2018-07-20T06:52:02.879Z", "user": 1, "content_type": 7, "object_id": "3", "object_repr": "<Blog:\u957f\u5185\u5bb9\u7684\u535a\u5ba2>", "action_flag": 2, "change_message": "[{\"changed\": {\"fields\": [\"content\"]}}]"}}, {"model": "admin.logentry", "pk": 15, "fields": {"action_time": "2018-07-20T08:27:09.151Z", "user": 1, "content_type": 7, "object_id": "6", "object_repr": "<Blog:\u4e2d\u6587\u7684\u957f\u535a\u5ba2>", "action_flag": 1, "change_message": "[{\"added\": {}}]"}}, {"model": "admin.logentry", "pk": 16, "fields": {"action_time": "2018-07-20T08:34:47.532Z", "user": 1, "content_type": 7, "object_id": "7", "object_repr": "<Blog:\u82f1\u6587\u7248\u957f\u535a\u5ba2>", "action_flag": 1, "change_message": "[{\"added\": {}}]"}}, {"model": "admin.logentry", "pk": 17, "fields": {"action_time": "2018-07-20T13:09:42.996Z", "user": 1, "content_type": 7, "object_id": "6", "object_repr": "<Blog:\u4e2d\u6587\u7248\u957f\u535a\u5ba2>", "action_flag": 2, "change_message": "[{\"changed\": {\"fields\": [\"title\"]}}]"}}, {"model": "admin.logentry", "pk": 18, "fields": {"action_time": "2018-07-21T07:27:34.128Z", "user": 1, "content_type": 7, "object_id": "3", "object_repr": "<Blog:\u957f\u5185\u5bb9\u7684\u535a\u5ba2>", "action_flag": 2, "change_message": "[{\"changed\": {\"fields\": [\"content\"]}}]"}}, {"model": "admin.logentry", "pk": 19, "fields": {"action_time": "2018-07-21T07:49:32.473Z", "user": 1, "content_type": 7, "object_id": "3", "object_repr": "<Blog:\u957f\u5185\u5bb9\u7684\u535a\u5ba2>", "action_flag": 2, "change_message": "[{\"changed\": {\"fields\": [\"content\"]}}]"}}, {"model": "admin.logentry", "pk": 20, "fields": {"action_time": "2018-07-21T08:16:25.690Z", "user": 1, "content_type": 7, "object_id": "3", "object_repr": "<Blog:\u957f\u5185\u5bb9\u7684\u535a\u5ba2>", "action_flag": 2, "change_message": "[{\"changed\": {\"fields\": [\"content\"]}}]"}}, {"model": "admin.logentry", "pk": 21, "fields": {"action_time": "2018-07-21T08:17:27.137Z", "user": 1, "content_type": 7, "object_id": "3", "object_repr": "<Blog:traffic in narcotics>", "action_flag": 2, "change_message": "[{\"changed\": {\"fields\": [\"title\"]}}]"}}, {"model": "admin.logentry", "pk": 22, "fields": {"action_time": "2018-07-21T09:36:14.570Z", "user": 1, "content_type": 9, "object_id": "1", "object_repr": "ReadNum object (1)", "action_flag": 1, "change_message": "[{\"added\": {}}]"}}, {"model": "admin.logentry", "pk": 23, "fields": {"action_time": "2018-07-21T11:56:05.666Z", "user": 1, "content_type": 10, "object_id": "1", "object_repr": "ReadNum object (1)", "action_flag": 1, "change_message": "[{\"added\": {}}]"}}, {"model": "admin.logentry", "pk": 24, "fields": {"action_time": "2018-07-21T13:49:48.758Z", "user": 1, "content_type": 11, "object_id": "1", "object_repr": "ReadDetail object (1)", "action_flag": 1, "change_message": "[{\"added\": {}}]"}}, {"model": "admin.logentry", "pk": 25, "fields": {"action_time": "2018-07-22T00:33:49.195Z", "user": 1, "content_type": 10, "object_id": "5", "object_repr": "ReadNum object (5)", "action_flag": 1, "change_message": "[{\"added\": {}}]"}}, {"model": "admin.logentry", "pk": 26, "fields": {"action_time": "2018-07-22T00:34:57.183Z", "user": 1, "content_type": 10, "object_id": "5", "object_repr": "ReadNum object (5)", "action_flag": 3, "change_message": ""}}, {"model": "admin.logentry", "pk": 27, "fields": {"action_time": "2018-07-22T00:35:26.081Z", "user": 1, "content_type": 11, "object_id": "4", "object_repr": "ReadDetail object (4)", "action_flag": 1, "change_message": "[{\"added\": {}}]"}}, {"model": "admin.logentry", "pk": 28, "fields": {"action_time": "2018-07-22T00:35:57.378Z", "user": 1, "content_type": 11, "object_id": "4", "object_repr": "ReadDetail object (4)", "action_flag": 2, "change_message": "[{\"changed\": {\"fields\": [\"date\"]}}]"}}, {"model": "admin.logentry", "pk": 29, "fields": {"action_time": "2018-07-22T00:40:09.684Z", "user": 1, "content_type": 11, "object_id": "4", "object_repr": "ReadDetail object (4)", "action_flag": 3, "change_message": ""}}, {"model": "admin.logentry", "pk": 30, "fields": {"action_time": "2018-07-22T07:49:25.666Z", "user": 1, "content_type": 12, "object_id": "2", "object_repr": "Comment object (2)", "action_flag": 3, "change_message": ""}}, {"model": "admin.logentry", "pk": 31, "fields": {"action_time": "2018-07-22T13:48:00.444Z", "user": 1, "content_type": 7, "object_id": "3", "object_repr": "<Blog:traffic in narcotics>", "action_flag": 2, "change_message": "[{\"changed\": {\"fields\": [\"content\"]}}]"}}, {"model": "admin.logentry", "pk": 32, "fields": {"action_time": "2018-07-22T13:49:44.411Z", "user": 1, "content_type": 4, "object_id": "1", "object_repr": "aspiring", "action_flag": 2, "change_message": "[{\"changed\": {\"fields\": [\"last_login\"]}}]"}}, {"model": "admin.logentry", "pk": 33, "fields": {"action_time": "2018-07-23T07:16:28.166Z", "user": 1, "content_type": 12, "object_id": "36", "object_repr": "<p>123123</p>", "action_flag": 2, "change_message": "[{\"changed\": {\"fields\": [\"user\", \"root\", \"parent\", \"reply_to\"]}}]"}}, {"model": "admin.logentry", "pk": 34, "fields": {"action_time": "2018-07-23T14:05:50.031Z", "user": 1, "content_type": 12, "object_id": "61", "object_repr": "<p>enene&nbsp; &nbsp;jiaqianyouliale</p>", "action_flag": 3, "change_message": ""}}, {"model": "admin.logentry", "pk": 35, "fields": {"action_time": "2018-07-23T14:11:02.042Z", "user": 1, "content_type": 12, "object_id": "47", "object_repr": "<p>\u795e\u554a&nbsp; \u6551\u6551\u6211\u5427</p>", "action_flag": 3, "change_message": ""}}, {"model": "admin.logentry", "pk": 36, "fields": {"action_time": "2018-07-23T14:11:02.183Z", "user": 1, "content_type": 12, "object_id": "40", "object_repr": "<p>8</p>", "action_flag": 3, "change_message": ""}}, {"model": "admin.logentry", "pk": 37, "fields": {"action_time": "2018-07-23T14:11:21.258Z", "user": 1, "content_type": 12, "object_id": "35", "object_repr": "<p>wolaila&nbsp;&nbsp;&nbsp;&nbsp;&nbsp;&nbsp;&nbsp;&nbsp;&nbsp;&nbsp;&nbsp;&nbsp;&nbsp;&nbsp;&nbsp;&nbsp;&nbsp;&nbsp;&nbsp;&nbsp;&nbsp;&nbsp;&nbsp;&nbsp;&nbsp;&nbsp;&nbsp;&nbsp;</p>", "action_flag": 3, "change_message": ""}}, {"model": "admin.logentry", "pk": 38, "fields": {"action_time": "2018-07-24T09:36:21.877Z", "user": 1, "content_type": 4, "object_id": "2", "object_repr": "jiaqian", "action_flag": 2, "change_message": "[{\"changed\": {\"fields\": [\"is_staff\", \"last_login\"]}}]"}}, {"model": "admin.logentry", "pk": 39, "fields": {"action_time": "2018-07-25T01:08:24.590Z", "user": 1, "content_type": 15, "object_id": "1", "object_repr": "<Profile:\u848b\u534e\u8d85 for aspiring>", "action_flag": 1, "change_message": "[{\"added\": {}}]"}}, {"model": "admin.logentry", "pk": 40, "fields": {"action_time": "2018-07-25T06:41:13.215Z", "user": 1, "content_type": 4, "object_id": "2", "object_repr": "jiaqian", "action_flag": 2, "change_message": "[{\"changed\": {\"fields\": [\"email\", \"last_login\"]}}]"}}, {"model": "admin.logentry", "pk": 41, "fields": {"action_time": "2018-07-25T06:41:20.883Z", "user": 1, "content_type": 4, "object_id": "1", "object_repr": "aspiring", "action_flag": 2, "change_message": "[{\"changed\": {\"fields\": [\"email\", \"last_login\"]}}]"}}, {"model": "admin.logentry", "pk": 42, "fields": {"action_time": "2018-07-25T07:48:30.974Z", "user": 1, "content_type": 4, "object_id": "2", "object_repr": "jiaqian", "action_flag": 2, "change_message": "[{\"changed\": {\"fields\": [\"is_staff\"]}}]"}}]